,Ingredient,NDB_NO_tags
0,1 bag tortilla chips,"""25028"""
1,1 bunch scallions,"""11291"""
2,1 can black bean,"""16316"""
3,1 can Pillsbury brand Grands,"""18633"""
4,1 cans black beans,"""16316"""
5,1 cans chicken stock,"""06172"""
6,1 cans chickpeas,"""16056"""
7,1 cans tuna,"""15119"""
8,1 cans unsweetened coconut milk,"""12117"""
9,1 cup ancho chile paste,"""11819"""
10,1 cup arugula,"""11959"""
11,1 cup baby arugula,"""11959"""
12,1 cup baby carrots,"""11960"""
13,1 cup bacon,"""10123"""
14,1 cup bbq chips,"""19411"""
15,1 cup black olives,"""09194"""
16,1 cup blue cheese,"""01004"""
17,1 cup blue frosting,"""19230"""
18,1 cup bread,"""18033"""
19,1 cup breadcrumbs,"""18079"""
20,1 cup brownies,"""18154"""
21,1 cup butter,"""01001"""
22,1 cup chicken breast,"""05057"""
23,1 cup chinese barbecued pork,"""36622"""
24,1 cup chocolate,"""19080"""
25,1 cup chocolate chips,"""19120"""
26,1 cup cookies,"""18204"""
27,1 cup cornichons,"""11937"""
28,1 cup croutons,"""18242"""
29,1 cup dark 70 percent cocoa chocolate,"""19904"""
30,1 cup dark chocolate,"""19904"""
31,1 cup dates,"""09421"""
32,1 cup dried bonito shavings,"""15123"""
33,1 cup dried dates,"""09421"""
34,1 cup dried mushrooms,"""11268"""
35,1 cup fresh basil leaves,"""02044"""
36,1 cup fresh bread,"""18033"""
37,1 cup fresh bread crumbs,"""18079"""
38,1 cup fresh dill,"""02045"""
39,1 cup fresh mint leaves,"""02064"""
40,1 cup fresh parmesan,"""01033"""
41,1 cup fromage blanc,"""01287"""
42,1 cup glass noodles,"""20117"""
43,1 cup goat cheese,"""01159"""
44,1 cup ground graham crackers,"""18617"""
45,1 cup gruyere,"""01023"""
46,1 cup ham,"""07938"""
47,1 cup ice cream,"""19095"""
48,1 cup italian bread crumbs,"""18079"""
49,1 cup meringue frosting,"""18320"""
50,1 cup mimolette cheese,"""01033"""
51,1 cup nicoise olives,"""09194"""
52,1 cup nonfat plain yogurt,"""01256"""
53,1 cup olives,"""09193"""
54,1 cup orange-yellow frosting,"""19230"""
55,1 cup pancake,"""18293"""
56,1 cup panko,"""18079"""
57,1 cup panko breadcrumbs,"""18079"""
58,1 cup parmesan,"""01033"""
59,1 cup parmesan cheese,"""01033"""
60,1 cup parmigiano-reggiano,"""01033"""
61,1 cup part-skim mozzarella cheese,"""01028"""
62,1 cup peanuts,"""16087"""
63,1 cup pecorino cheese,"""01033"""
64,1 cup pickles,"""11937"""
65,1 cup pitted nicoise olives,"""09194"""
66,1 cup plain breadcrumbs,"""18079"""
67,1 cup plain greek yogurt,"""01116"""
68,1 cup plain low-fat yogurt,"""01117"""
69,1 cup popcorn kernels,"""25001"""
70,1 cup risotto,"""20420"""
71,1 cup salted butter,"""01001"""
72,1 cup salted peanuts,"""16087"""
73,1 cup salted pork,"""10165"""
74,1 cup semisweet chocolate chips,"""19080"""
75,1 cup semisweet dark chocolate,"""19080"""
76,1 cup sharp cheddar cheese,"""01270"""
77,1 cup sharp yellow cheddar cheese,"""01270"""
78,1 cup shredded cheddar,"""01270"""
79,1 cup shredded sharp yellow cheddar,"""01270"""
80,1 cup spanish onion,"""11294"""
81,1 cup steak sauce,"""27048"""
82,1 cup sugar syrup,"""14637"""
83,1 cup super shiitake caps,"""11238"""
84,1 cup taylor ham,"""07938"""
85,1 cup thai basil leaves,"""02044"""
86,1 cup unsalted butter,"""01145"""
87,1 cup unsalted peanuts,"""16390"""
88,1 cup unsalted raw peanuts,"""16390"""
89,1 cup vanilla ice cream,"""19095"""
90,1 cup white chocolate chips,"""19087"""
91,1 cup whole-wheat panko-stylebreadcrumbs,"""20080"""
92,1 cup yellow bell pepper,"""11951"""
93,1 dash salt,"""02047"""
94,1 dashes hot pepper sauce,"""06168"""
95,1 dashes hot sauce,"""06168"""
96,1 dollop cardamom cream,"""01017"""
97,1 dried ancho chiles,"""11978"""
98,1 gallon chicken stock,"""06172"""
99,1 gram goat cheese,"""01159"""
100,1 green bell pepper,"""11333"""
101,1 handful fresh basil,"""02044"""
102,1 handful fresh mint leaves,"""02064"""
103,1 juice of 1 lemon,"""09152"""
104,1 juice of 1 lime,"""09160"""
105,1 ml high-quality sherry,"""14096"""
106,1 ml milk,"""01077"""
107,1 nonstick cooking spray,"""04679"""
108,1 ounce american cheese,"""43278"""
109,1 ounce artichokes,"""11007"""
110,1 ounce bread cheese,"""18972"""
111,1 ounce butter,"""01001"""
112,1 ounce canned artichoke heart,"""11007"""
113,1 ounce cheddar cheese,"""01270"""
114,1 ounce chocolate,"""19120"""
115,1 ounce dried porcini mushrooms,"""11268"""
116,1 ounce egg whites,"""01124"""
117,1 ounce extra-sharp cheddar,"""01270"""
118,1 ounce frozen sweet white corn,"""11900"""
119,1 ounce greek yogurt,"""01287"""
120,1 ounce instant chocolate pudding mix,"""19184"""
121,1 ounce low-fat yogurt,"""01117"""
122,1 ounce oyster mushrooms,"""11987"""
123,1 ounce pitted dates,"""09421"""
124,1 ounce sea scallops,"""15172"""
125,1 ounce semisweet chocolate,"""19080"""
126,1 ounce shredded cheddar,"""01270"""
127,1 ounce simple syrup,"""14637"""
128,1 ounce smoked trout fillet no skin,"""15240"""
129,1 ounce spaghetti sauce,"""20120"""
130,1 ounce unflavored gelatin,"""19177"""
131,1 ounce unsalted butter,"""01145"""
132,1 ounce white chocolate,"""19087"""
133,1 oz chocolate,"""19120"""
134,1 oz frozen ripe plantains,"""09277"""
135,1 oz simple syrup,"""14637"""
136,1 piece pineapple,"""09266"""
137,1 pinch allspice,"""02001"""
138,1 pinch cayenne pepper,"""02031"""
139,1 pinch dried hot red pepper,"""02031"""
140,1 pinch dried red-pepper flakes,"""02031"""
141,1 pinch fennel seeds,"""02018"""
142,1 pinch ground allspice,"""02001"""
143,1 pinch ground cinnamon,"""02010"""
144,1 pinch ground pink peppercorns,"""02030"""
145,1 pinch kosher salt,"""02047"""
146,1 pinch lavender,"""02027"""
147,1 pinch of cayenne pepper,"""02031"""
148,1 pinch of ground cloves,"""02011"""
149,1 pinch of ground nutmeg,"""02025"""
150,1 pinch of salt,"""02047"""
151,1 pinch of sugar,"""19335"""
152,1 pinch paprika,"""02028"""
153,1 pinch red pepper,"""02031"""
154,1 pinch red pepper flakes,"""02031"""
155,1 pinch saffron,"""02037"""
156,1 pinch salt,"""02047"""
157,1 pinch sea salt,"""02047"""
158,1 pinch smoked paprika,"""02028"""
159,1 pint cherry,"""09063"""
160,1 pint cherry tomatoes,"""11529"""
161,1 pint grape tomatoes,"""11529"""
162,1 pint lemon juice,"""09152"""
163,1 pint mascarpone,"""01017"""
164,1 pint of blueberries,"""09050"""
165,1 pint raspberries,"""09302"""
166,1 pint red cherry tomatoes,"""11529"""
167,1 pint strawberries,"""09316"""
168,1 pint vanilla ice cream,"""19095"""
169,1 pint whipping cream,"""01053"""
170,1 pint yellow cherry tomatoes,"""11696"""
171,1 pound arugula,"""11959"""
172,1 pound baby arugula,"""11959"""
173,1 pound boneless beef rib eye steak,"""23192"""
174,1 pound bunuelo dough,"""18014"""
175,1 pound cake,"""18146"""
176,1 pound cake crumbs,"""18957"""
177,1 pound deli-sliced roast beef,"""07043"""
178,1 pound italian sausage,"""07036"""
179,1 pound lasagna pasta,"""32010"""
180,1 pound mirepoix,"""02027"""
181,1 pound mostaccioli,"""20420"""
182,1 pound pizza dough,"""18014"""
183,1 pound potato tots,"""11403"""
184,1 pound premium semisweet chocolate,"""19080"""
185,1 pound sea scallops,"""15172"""
186,1 pound shiitakes mushroom,"""11238"""
187,1 pound spicy sausage,"""07019"""
188,1 pound sweet italian sausage links,"""07036"""
189,1 pound tomatillos,"""11954"""
190,1 pound unsalted butter,"""01145"""
191,1 pound white bread dough,"""18014"""
192,1 pound whole sea bass,"""15091"""
193,1 pound yukon gold potatoes,"""11362"""
194,1 pounded chicken breast,"""05057"""
195,1 pt. fresh strawberries,"""09316"""
196,1 quart beef stock,"""06170"""
197,1 quart brown veal stock,"""06170"""
198,1 quart club soda,"""14121"""
199,1 quart cream,"""01049"""
200,1 quart green tea,"""14278"""
201,1 quart white grape juice,"""14282"""
202,1 rib celery,"""11143"""
203,1 scoop vanilla ice cream,"""19095"""
204,1 sheet lavash bread,"""18413"""
205,1 slice applewood-smoked bacon,"""10123"""
206,1 slice bacon,"""10123"""
207,1 slice bacon cooked,"""10860"""
208,1 slice brioche,"""28318"""
209,1 slice ciabatta,"""18967"""
210,1 slice country loaf bread,"""28318"""
211,1 slice focaccia,"""18973"""
212,1 slice ginger,"""11216"""
213,1 slice hardwood bacon,"""10123"""
214,1 slice pancetta,"""10123"""
215,1 slice prosciutto,"""10860"""
216,1 slice provolone cheese,"""01035"""
217,1 slice pumpernickel bread,"""18044"""
218,1 slice smoked ham,"""07938"""
219,1 slice sourdough bread,"""18029"""
220,1 slice white bread,"""18033"""
221,1 slice whole wheat,"""28397"""
222,1 slice whole-grain bread,"""28397"""
223,1 sprig fresh rosemary,"""02063"""
224,1 sprig mint,"""02064"""
225,1 sprig rosemary,"""02063"""
226,1 sprig thyme,"""02049"""
227,1 sprinkle cayenne,"""02031"""
228,1 sprinkle spiced caramelized pecan,"""12142"""
229,1 stalk celery,"""11143"""
230,1 stalk fresh lemongrass,"""11972"""
231,1 stick butter,"""01001"""
232,1 stick butter very cold,"""01001"""
233,1 stick cinnamon,"""02010"""
234,1 stick cinnamon stick,"""02010"""
235,1 stick salted butter,"""01001"""
236,1 stick soft butter,"""01145"""
237,1 stick unsalted butter,"""01145"""
238,1 tablespoon kosher salt,"""02047"""
239,1 tablespoon almond butter,"""12695"""
240,1 tablespoon basil,"""02044"""
241,1 tablespoon bourbon,"""14037"""
242,1 tablespoon brandy,"""14037"""
243,1 tablespoon breadcrumbs,"""18079"""
244,1 tablespoon butter,"""01001"""
245,1 tablespoon calvados,"""14037"""
246,1 tablespoon canned chipotle chiles in adobo,"""11820"""
247,1 tablespoon chia seeds,"""12006"""
248,1 tablespoon chipotle peppers,"""11819"""
249,1 tablespoon clarified butter,"""01145"""
250,1 tablespoon coffee-flavored liqueur,"""14414"""
251,1 tablespoon dark rum,"""14050"""
252,1 tablespoon dry sherry,"""14536"""
253,1 tablespoon dry white wine,"""14106"""
254,1 tablespoon fat-free plain greek yogurt,"""01287"""
255,1 tablespoon fresh basil,"""02044"""
256,1 tablespoon fresh dill,"""02045"""
257,1 tablespoon fresh mint,"""02064"""
258,1 tablespoon ground instant tapioca,"""19202"""
259,1 tablespoon hot water,"""14411"""
260,1 tablespoon ice water,"""14411"""
261,1 tablespoon italian grappa,"""14037"""
262,1 tablespoon kosher salt,"""02047"""
263,1 tablespoon lemon zest,"""09156"""
264,1 tablespoon lemongrass,"""11972"""
265,1 tablespoon low-fat plain yogurt,"""01117"""
266,1 tablespoon maca powder,"""19070"""
267,1 tablespoon melted butter,"""01001"""
268,1 tablespoon mint,"""02064"""
269,1 tablespoon non stick cooking spray,"""04679"""
270,1 tablespoon orange zest,"""09216"""
271,1 tablespoon parmesan,"""01033"""
272,1 tablespoon pernod,"""14037"""
273,1 tablespoon plus 1 teaspoon olive oil,"""44005"""
274,1 tablespoon plus 2 teaspoons instant espresso powder,"""14214"""
275,1 tablespoon raspberry liqueur,"""14037"""
276,1 tablespoon raspberry preserves,"""19297"""
277,1 tablespoon rum,"""14037"""
278,1 tablespoon salt,"""02047"""
279,1 tablespoon salted butter,"""01001"""
280,1 tablespoon sharp cheddar,"""01270"""
281,1 tablespoon sherry,"""14096"""
282,1 tablespoon spicy cornbread stuffing,"""18084"""
283,1 tablespoon sugar,"""19335"""
284,1 tablespoon sweet dessert wine,"""14057"""
285,1 tablespoon sweet gherkins,"""11937"""
286,1 tablespoon toffee candy,"""19383"""
287,1 tablespoon triple sec,"""14037"""
288,1 tablespoon unsalted butter,"""01145"""
289,1 tablespoon vanilla brandy,"""14037"""
290,1 tablespoon vodka,"""14037"""
291,1 tablespoon water,"""14411"""
292,1 talespoon olive oil,"""44005"""
293,1 tbs. butter,"""01001"""
294,1 teaspoon amaretto,"""14037"""
295,1 teaspoon blue caracao,"""14037"""
296,1 teaspoon canned chipotle chilies,"""11820"""
297,1 teaspoon chile de arbol,"""11819"""
298,1 teaspoon coffee liqueur,"""14414"""
299,1 teaspoon dried red pepper flakes,"""02031"""
300,1 teaspoon dry sherry,"""14536"""
301,1 teaspoon earl grey tea leaves,"""14247"""
302,1 teaspoon fresh basil,"""02044"""
303,1 teaspoon fresh dill,"""02045"""
304,1 teaspoon fresh mint,"""02064"""
305,1 teaspoon frozen pineapple-orange juice concentrate,"""14341"""
306,1 teaspoon gherkins,"""11937"""
307,1 teaspoon lemon juice,"""09152"""
308,1 teaspoon lemon zest,"""09156"""
309,1 teaspoon orange zest,"""09216"""
310,1 teaspoon thai red curry paste,"""02015"""
311,1 teaspoon unflavored gelatin,"""19177"""
312,1 unit of juice lemon,"""09152"""
313,1 unit of juice lemons,"""09152"""
314,1 unit of juice lime,"""09160"""
315,1 unit of juice orange,"""42270"""
316,1 unit of juice oranges,"""42270"""
317,1 white onion,"""11282"""
318,1 whole acorn squash,"""11482"""
319,1 whole all purpose flour,"""20581"""
320,1 whole all-butter pastry dough,"""18014"""
321,1 whole allspice berries,"""02001"""
322,1 whole amaretto cookies,"""18204"""
323,1 whole anchovy fillets,"""15001"""
324,1 whole artichokes,"""11007"""
325,1 whole avocado,"""09038"""
326,1 whole avocadoes,"""01123"""
327,1 whole avocados,"""09038"""
328,1 whole bacon,"""10123"""
329,1 whole bag fresh salad mix,"""11253"""
330,1 whole bag frozen vegetable stir fry mix,"""11583"""
331,1 whole ball of fresh mozzarella di bufala,"""01026"""
332,1 whole bamboo skewers,"""11026"""
333,1 whole bananas,"""09040"""
334,1 whole barlett pear,"""09252"""
335,1 whole basil leaves,"""02044"""
336,1 whole bay leaf,"""02004"""
337,1 whole bay leaves,"""02004"""
338,1 whole beets,"""11080"""
339,1 whole bell pepper,"""11333"""
340,1 whole bell peppers,"""11821"""
341,1 whole black tea bags,"""14544"""
342,1 whole black teabags,"""14247"""
343,1 whole blackberry syrup,"""09043"""
344,1 whole block ice,"""14411"""
345,1 whole bok choy,"""11116"""
346,1 whole boneless center cut pork chops,"""10164"""
347,1 whole boneless chicken breast with no skin,"""05062"""
348,1 whole boneless chicken breast with skin,"""05062"""
349,1 whole boneless leg of lamb,"""17300"""
350,1 whole boneless skinless chicken breast halves,"""05062"""
351,1 whole bosc pears,"""09414"""
352,1 whole bottle cold champagne,"""14106"""
353,1 whole brandied apricots,"""09021"""
354,1 whole brioche hamburger buns,"""28288"""
355,1 whole broccoli,"""11090"""
356,1 whole brownies,"""18154"""
357,1 whole bunch arugula,"""11959"""
358,1 whole bunch cilantro,"""11165"""
359,1 whole bunch dill,"""02045"""
360,1 whole bunch fresh basil,"""02044"""
361,1 whole bunch kale,"""11233"""
362,1 whole bunch mint,"""02064"""
363,1 whole bunch redbor kale stems,"""11233"""
364,1 whole bunch scallions,"""11291"""
365,1 whole bunch watercress stems,"""11591"""
366,1 whole burger buns,"""28288"""
367,1 whole cake,"""20084"""
368,1 whole canned chipotle,"""11820"""
369,1 whole caramel dessert sauce,"""19364"""
370,1 whole caramel squares,"""19074"""
371,1 whole caramels,"""19074"""
372,1 whole carrot,"""11124"""
373,1 whole carrot shredded,"""11124"""
374,1 whole cauliflower,"""11135"""
375,1 whole celery stalks,"""11143"""
376,1 whole centercut loin of pork,"""10164"""
377,1 whole cherry tomatoes,"""11529"""
378,1 whole chicken breast,"""05057"""
379,1 whole chicken breast no skin,"""05057"""
380,1 whole chicken breasts no skin,"""05062"""
381,1 whole chicken legs,"""05075"""
382,1 whole chicken thighs,"""05674"""
383,1 whole chicken wings,"""05100"""
384,1 whole chili pepper,"""02031"
385,1 whole chipotle chile in adobo,"""11820"""
386,1 whole chives,"""11156"""
387,1 whole chocolate ganache,"""19226"""
388,1 whole chocolate sandwich cookies,"""18199"""
389,1 whole chunk parmigiano reggiano,"""01033"""
390,1 whole cigarette cookies,"""18204"""
391,1 whole cinnamon stick,"""02010"""
392,1 whole clove,"""02011"""
393,1 whole clove garlic,"""11215"""
394,1 whole clove of garlic,"""11215"""
395,1 whole cloves,"""02011"""
396,1 whole container nutella,"""19125"""
397,1 whole corn,"""20317"""
398,1 whole cucumber,"""11205"""
399,1 whole cup cocoa powder,"""19165"""
400,1 whole cup egg whites,"""01124"""
401,1 whole cup sugar,"""19335"""
402,1 whole daikon,"""11429"""
403,1 whole dough,"""18014"""
404,1 whole dried apricot,"""09032"""
405,1 whole dried bay leaf,"""02004"""
406,1 whole dried bay leaves,"""02004"""
407,1 whole dried kombu,"""11445"""
408,1 whole dry white wine,"""14106"""
409,1 whole duck breast,"""05144"""
410,1 whole dumpling wrappers,"""18368"""
411,1 whole ear of corn,"""11167"""
412,1 whole egg,"""01123"""
413,1 whole egg at room temperature,"""01123"""
414,1 whole egg beaten,"""01123"""
415,1 whole egg white,"""01124"""
416,1 whole egg whites,"""01124"""
417,1 whole egg whites at room temperature,"""01124"""
418,1 whole egg yolk,"""01125"""
419,1 whole egg yolks,"""01125"""
420,1 whole eggplant,"""11209"""
421,1 whole eggplants,"""11209"""
422,1 whole eggs,"""01123"""
423,1 whole eight inch corn tortillas,"""18363"""
424,1 whole endives,"""11213"""
425,1 whole english cucumbers,"""11205"""
426,1 whole fennel bulb,"""11957"""
427,1 whole fingerling potatoes,"""11354"""
428,1 whole flank steak,"""13970"""
429,1 whole flour,"""20581"""
430,1 whole flour tortillas,"""18363"""
431,1 whole four inch whole wheat tortillas,"""20086"""
432,1 whole french baguette cubed,"""18349"""
433,1 whole french bread,"""18349"""
434,1 whole fresh banana frozen,"""09040"""
435,1 whole fresh basil,"""02044"""
436,1 whole fresh bay leaves,"""02004"""
437,1 whole fresh lotus root,"""11254"""
438,1 whole fresh quinces,"""09296"""
439,1 whole fresh raspberries,"""09302"""
440,1 whole fresh rosemary,"""02063"""
441,1 whole fresh sage,"""02038"""
442,1 whole fresh shiitake mushroom caps,"""11238"""
443,1 whole fresh thyme,"""02049"""
444,1 whole fuji apples,"""09504"""
445,1 whole garlic clove,"""11215"""
446,1 whole garlic cloves,"""11215"""
447,1 whole garlic cloves very,"""11215"""
448,1 whole golden delicious apples,"""09501"""
449,1 whole graham cracker,"""18173"""
450,1 whole granny smith apples,"""09502"""
451,1 whole grape leaves,"""11974"""
452,1 whole green bell pepper,"""11333"""
453,1 whole green mangos halved lengthwise using an asian shredder,"""09176"""
454,1 whole green onion,"""11291"""
455,1 whole green onions,"""11291"""
456,1 whole green papaya,"""09226"""
457,1 whole green pepper,"""11333"""
458,1 whole green thai chile,"""11819"""
459,1 whole green tomato,"""11527"""
460,1 whole green tomatoes,"""11527"""
461,1 whole gummy fish,"""19112"""
462,1 whole hamburger bun,"""28288"""
463,1 whole hamburger buns,"""28288"""
464,1 whole hanger steaks,"""23281"""
465,1 whole hard boiled eggs,"""01129"""
466,1 whole hass avocado,"""09038"""
467,1 whole head broccoli prepped into florets,"""11090"""
468,1 whole head cauliflower,"""11135"""
469,1 whole head endive,"""11213"""
470,1 whole head fennel,"""11957"""
471,1 whole head garlic,"""11215"""
472,1 whole head of garlic halved crosswise,"""11215"""
473,1 whole head of romaine lettuce,"""11251"""
474,1 whole head red leaf lettuce,"""11257"""
475,1 whole head red oak leaf lettuce,"""11257"""
476,1 whole heirloom tomato,"""11529"""
477,1 whole hoagie buns,"""28288"""
478,1 whole hot pepper optional,"""11819"""
479,1 whole iceberg lettuce,"""11252"""
480,1 whole inch loaf italian bread halved lengthwise,"""18033"""
481,1 whole italian parsley,"""11297"""
482,1 whole jalapeno,"""11979"""
483,1 whole jalapeno peppers,"""11979"""
484,1 whole japanese eggplants,"""11209"""
485,1 whole jar bamboo shoots,"""11026"""
486,1 whole jar water chestnuts,"""11590"""
487,1 whole jelly beans,"""19108"""
488,1 whole jicama,"""11603"""
489,1 whole jigger dry sherry,"""14096"""
490,1 whole juniper berries,"""09316"""
491,1 whole kabocha squash,"""11643"""
492,1 whole kalamata olives,"""09194"""
493,1 whole kale,"""11233"""
494,1 whole kirby cucumbers,"""11205"""
495,1 whole kiwi,"""09148"""
496,1 whole leek,"""11246"""
497,1 whole lemon,"""09150"""
498,1 whole lemon juiced,"""09152"""
499,1 whole lemon zest,"""09156"""
500,1 whole lime,"""09159"""
501,1 whole lime juiced,"""09160"""
502,1 whole lime wedge,"""09159"""
503,1 whole link of spanish chorizo coarsely,"""07019"""
504,1 whole little onion,"""11282"""
505,1 whole littleneck clams,"""15157"""
506,1 whole loaf challah bread,"""18029"""
507,1 whole loaf french bread,"""18029"""
508,1 whole loaf italian bread,"""18033"""
509,1 whole loaf rustic bread,"""18033"""
510,1 whole loaf white bread,"""18033"""
511,1 whole macintosh apple,"""09503"""
512,1 whole mango,"""09176"""
513,1 whole mexican cinnamon,"""02010"""
514,1 whole meyer lemon,"""09150"""
515,1 whole mint patty,"""19091"""
516,1 whole mushrooms,"""11260"""
517,1 whole necco wafers,"""18213"""
518,1 whole nicoise olives,"""09194"""
519,1 whole onion,"""11282"""
520,1 whole onion coarsely,"""11282"""
521,1 whole onion halved lengthwise,"""11282"""
522,1 whole orange,"""09203"""
523,1 whole orange juiced,"""42270"""
524,1 whole orange liqueur,"""14037"""
525,1 whole orange zest,"""09216"""
526,1 whole ounce cilantro,"""11165"""
527,1 whole ounce sea bass fillets,"""15091"""
528,1 whole ounce tuaca liqueur,"""14037"""
529,1 whole ounce vanilla flavored vodka,"""14037"""
530,1 whole package active dry yeast,"""18375"""
531,1 whole packet dried onion soup mix,"""06094"""
532,1 whole papaya,"""09226"""
533,1 whole parsnips,"""11298"""
534,1 whole peach,"""09236"""
535,1 whole pear preserves heated,"""09252"""
536,1 whole pearl onions,"""11282"""
537,1 whole pears,"""09252"""
538,1 whole peperoncini,"""31034"""
539,1 whole peppercorns,"""02030"""
540,1 whole peppers,"""11819"""
541,1 whole pickled radishes,"""11429"""
542,1 whole pie crust,"""18946"""
543,1 whole pie dough,"""18946"""
544,1 whole piece ginger,"""11216"""
545,1 whole piece hake,"""15015"""
546,1 whole piece stale white bread crust,"""18033"""
547,1 whole pimiento,"""11333"""
548,1 whole pink chili mayo,"""42138"""
549,1 whole pink grapefruit,"""09111"""
550,1 whole pita bread,"""18041"""
551,1 whole pitted dried plums,"""09279"""
552,1 whole pizza crust dough,"""18014"""
553,1 whole pkg martha white chocolate chip muffin mix,"""19087"""
554,1 whole plum tomatoes,"""11529"""
555,1 whole poblano chiles,"""11333"""
556,1 whole poblano peppers,"""11333"""
557,1 whole poblanos,"""11333"""
558,1 whole pork loin chops,"""10218"""
559,1 whole pork tenderloin,"""10218"""
560,1 whole potatoes,"""11352"""
561,1 whole potatoes quartered,"""11352"""
562,1 whole potsticker skins,"""18368"""
563,1 whole pound butternut squash,"""11485"""
564,1 whole radicchio,"""11952"""
565,1 whole radishes,"""11429"""
566,1 whole raspberries,"""09302"""
567,1 whole red bell pepper,"""11821"""
568,1 whole red bell peppers,"""11821"""
569,1 whole red bliss potatoes roasted,"""11355"""
570,1 whole red cabbage,"""11114"""
571,1 whole red chiles,"""11819"""
572,1 whole red onion,"""11282"""
573,1 whole red pepper,"""11821"""
574,1 whole red potatoes,"""11355"""
575,1 whole ricipe flatbread,"""18973"""
576,1 whole ripe bananas,"""09040"""
577,1 whole roasted red pepper,"""11821"""
578,1 whole roma tomato,"""11529"""
579,1 whole romaine lettuce,"""11251"""
580,1 whole russet potatoes,"""11353"""
581,1 whole salmon fillets,"""15238"""
582,1 whole salmon steaks,"""15238"""
583,1 whole salted caramel buttercream,"""19074"""
584,1 whole scallion,"""11291"""
585,1 whole scallion white,"""11291"""
586,1 whole serrano,"""11977"""
587,1 whole serrano chile,"""11977"""
588,1 whole shallot,"""11677"""
589,1 whole shallot optional,"""11677"""
590,1 whole sheet frozen puff pastry,"""18337"""
591,1 whole sheet phyllo dough,"""18338"""
592,1 whole sheet puff pastry,"""18337"""
593,1 whole shrimp,"""15270"""
594,1 whole sized bosc pears,"""09414"""
595,1 whole skinless chicken breast,"""05057"""
596,1 whole skinless dover,"""15028"""
597,1 whole smoked red pepper sauce,"""06168"""
598,1 whole smoked yellow pepper sauce,"""06168"""
599,1 whole soft hoagie buns lightly toasted,"""28288"""
600,1 whole spanish onion,"""11294"""
601,1 whole spear asparagus,"""11011"""
602,1 whole spear endive,"""11213"""
603,1 whole stalk celery,"""11143"""
604,1 whole star anise,"""02002"""
605,1 whole sugarcane,"""19335"""
606,1 whole sweet onion,"""11294"""
607,1 whole sweet onion cut into to inch,"""11294"""
608,1 whole sweet potato,"""11507"""
609,1 whole tail of filet,"""23372"""
610,1 whole tart dough,"""18946"""
611,1 whole tequila,"""14037"""
612,1 whole thai chile,"""11819"""
613,1 whole thread saffron,"""02037"""
614,1 whole thyme,"""02049"""
615,1 whole tiare flowers,"""01123"""
616,1 whole to basil leaves,"""02044"""
617,1 whole to green tomatoes,"""11527"""
618,1 whole tomatillos,"""11954"""
619,1 whole tomatillos coarsely,"""11954"""
620,1 whole tomato,"""11529"""
621,1 whole tortilla chips,"""25028"""
622,1 whole uncooked shrimp deveined,"""15270"""
623,1 whole vanilla bean,"""02050"""
624,1 whole venison tenderloin,"""17347"""
625,1 whole vidalia onions,"""11294"""
626,1 whole water chestnuts,"""11588"""
627,1 whole wheat pocketless pitas,"""18413"""
628,1 whole whipped cream filling,"""01054"""
629,1 whole white corn tortillas,"""18363"""
630,1 whole white onion,"""11282"""
631,1 whole wonton wrappers,"""18368"""
632,1 whole yellow bell pepper,"""11951"""
633,1 whole yellow onion,"""11294"""
634,1 whole yellow twisted licorice,"""19112"""
635,1 whole yukon gold potatoes,"""11362"""
636,1 whole zucchini,"""11477"""
637,1 whole-grain wrap,"""18616"""
