,original_text,NDB_ID,Description
0.0,2 egg whites,"""01124""","egg, white, raw, fresh"
0.0,1 box instant chocolate pudding mix,"""19184""","puddings, chocolate, dry mix, instant"
1.0,1 1/2 cups cold milk,"""01077""","milk, whole, 3.25% milkfat, with added vitamin d"
2.0,1 cup heavy cream,"""01053""","cream, fluid, heavy whipping"
3.0,2 cups mini marshmallows,"""19116""","candies, marshmallows"
4.0,One 12-count box frosted brown sugar cinnamon toaster pastries such as Pop-Tarts frosting scraped off,"""18361""","toaster pastries, brown-sugar-cinnamon"
5.0,Bar chocolate for shaving,"""19080""","candies, semisweet chocolate"
6.0,2 pounds firm ripe peaches (6 to 8 peaches),"""09236""","peaches, yellow, raw"
7.0,2 teaspoons grated lemon zest,"""09150""","lemons, raw, without peel"
8.0,2 tablespoons freshly squeezed lemon juice,"""09152""","lemon juice, raw"
9.0,1/2 cup granulated sugar,"""19335""","sugars, granulated"
10.0,1/4 cup all-purpose flour,"""20581""","wheat flour, white, all-purpose, enriched, unbleached"
11.0,1 cup fresh blueberries (1/2 pint),"""09050""","blueberries, raw"
12.0,1 cup all-purpose flour,"""20581""","wheat flour, white, all-purpose, enriched, unbleached"
13.0,1/3 cup granulated sugar,"""19335""","sugars, granulated"
14.0,1/4 cup light brown sugar lightly packed,"""19334""","sugars, brown"
15.0,1/2 teaspoon kosher salt,"""02047""","salt, table"
16.0,1/4 teaspoon ground cinnamon,"""02010""","spices, cinnamon, ground"
17.0,1/4 pound (1 stick) cold unsalted butter diced,"""01145""","butter, without salt"
18.0,2 large eggplants (peeled and sliced),"""11209""","eggplant, raw"
19.0,1 pint milk (for soaking eggplant in),"""01077""","milk, whole, 3.25% milkfat, with added vitamin d"
20.0,4 eggs,"""01123""","egg, whole, raw, fresh"
21.0,1 pound yellow cornmeal,"""20020""","cornmeal, whole-grain, yellow"
22.0,1/3 cup olive oil,"""04053""","oil, olive, salad or cooking"
23.0,1/4 cup rice wine vinegar,"""02068""","vinegar, red wine"
24.0,2 teaspoons Dijon mustard,"""02046""","mustard, prepared, yellow"
25.0,Salt and freshly ground black pepper,"""02030""","spices, pepper, black"
26.0,1 large head romaine lettuce roughly torn,"""11251""","lettuce, cos or romaine, raw"
27.0,1 ripe avocado diced,"""09039""","avocados, raw, florida"
28.0,1 ripe mango diced,"""09176""","mangos, raw"
29.0,4 tomatoes diced,"""11529""","tomatoes, red, ripe, raw, year round average"
30.0,1 English cucumber peeled and diced,"""11206""","cucumber, peeled, raw"
31.0,2 red onions thinly sliced,"""11282""","onions, raw"
32.0,1 red pepper cut into strips,"""11821""","peppers, sweet, red, raw"
33.0,2 tablespoons torn mint leaves,"""02064""","peppermint, fresh"
34.0,1 pint canola oil for frying,"""04582""","oil, canola"
35.0,Oil for sauteing,"""44005""","oil, corn, peanut, and olive"
36.0,2 onions chopped,"""11282""","onions, raw"
37.0,2 ribs celery chopped,"""11143""","celery, raw"
38.0,1 apple chopped,"""09504""","apples, raw, fuji, with skin (includes foods for usda's food distribution program)"
39.0,2/3 loaf white bread toasted and broken into pieces,"""18967""","bread, white wheat"
40.0,2 eggs,"""01123""","egg, whole, raw, fresh"
41.0,1 1/2 cups milk,"""01077""","milk, whole, 3.25% milkfat, with added vitamin d"
42.0,1 teaspoon dried sage,"""02038""","spices, sage, ground"
43.0,1 teaspoon salt,"""02047""","salt, table"
44.0,1 teaspoon pepper,"""02030""","spices, pepper, black"
45.0,1 ripe mango peeled seeded and diced,"""09176""","mangos, raw"
46.0,1 Tbsp finely diced red onion,"""11282""","onions, raw"
47.0,1 small serrano chile stemmed seeded and minced,"""11977""","peppers, serrano, raw"
48.0,1 medium tomato diced,"""11529""","tomatoes, red, ripe, raw, year round average"
49.0,1 Tbsp chopped cilantro plus sprigs for garnish,"""11165""","coriander (cilantro) leaves, raw"
50.0,2 limes,"""09159""","limes, raw"
51.0,Kosher salt and freshly ground black pepper,"""02030""","spices, pepper, black"
52.0,1 skirt steak about 1 pound,"""23540""","beef, plate, inside skirt steak, separable lean and fat, trimmed to 0"" fat, all grades, cooked, broiled"
53.0,Vegetable oil,"""04513""","vegetable oil, palm kernel"
54.0,1 dozen 6-inch flour tortillas,"""18363""","tortillas, ready-to-bake or -fry, corn"
55.0,Bushs® Black Bean Fiesta Grillin Beans®,"""36405""","restaurant, latino, arroz con frijoles negros (rice and black beans)"
0.0,1 pound potatoes,"""11352""","potatoes, flesh and skin, raw"
1.0,3 1/4 cups flour,"""20581""","wheat flour, white, all-purpose, enriched, unbleached"
2.0,Salt,"""02047""","salt, table"
3.0,2 tablespoons extra-virgin olive oil plus 3 tablespoons,"""04053""","oil, olive, salad or cooking"
4.0,1 garlic clove peeled,"""11215""","garlic, raw"
5.0,7 ounces tomato sauce,"""43217""","tomato sauce, canned, no salt added"
6.0,7 ounces crushed tomatoes,"""11693""","tomatoes, crushed, canned"
7.0,18 basil leaves julienned,"""02044""","basil, fresh"
8.0,7 ounces smoked scamorza diced,"""01161""","cheese substitute, mozzarella"
9.0,7 ounces smoked salmon diced,"""15077""","fish, salmon, chinook, smoked"
10.0,6 ounces hot maple flavored pork sausage (Southern style) crumbled,"""07064""","pork sausage, link/patty, cooked, pan-fried"
11.0,3 cups water,"""14411""","beverages, water, tap, drinking"
12.0,1 cup half-and-half,"""01049""","cream, fluid, half and half"
13.0,Kosher salt,"""02047""","salt, table"
14.0,1 cup stone-ground grits or course polenta,"""08221""","cereals, quaker, instant grits, butter flavor, dry"
15.0,Freshly cracked black pepper,"""02030""","spices, pepper, black"
16.0,4 ounces grated Gruyere,"""01023""","cheese, gruyere"
17.0,4 farm fresh eggs,"""01123""","egg, whole, raw, fresh"
18.0,1 tablespoon olive oil,"""04053""","oil, olive, salad or cooking"
19.0,3 cloves garlic thinly sliced,"""11215""","garlic, raw"
20.0,1/2 red onion thinly sliced,"""11282""","onions, raw"
21.0,1/4 cup 1/2-inch diced tomatoes,"""11529""","tomatoes, red, ripe, raw, year round average"
22.0,1 pound Prince Edward Island mussels cleaned de-bearded,"""15164""","mollusks, mussel, blue, raw"
23.0,1/2 cup Silver tequila,"""14037""","alcoholic beverage, distilled, all (gin, rum, vodka, whiskey) 80 proof"
24.0,2 cups fish or shellfish stock,"""06174""","soup, stock, fish, home-prepared"
25.0,1 chipotle pepper from a can of chipotle in adobo finely chopped,"""11819""","peppers, hot chili, red, raw"
26.0,1 tablespoon chopped cilantro,"""11165""","coriander (cilantro) leaves, raw"
27.0,20 to 25 chicken wings,"""05100""","chicken, broilers or fryers, wing, meat and skin, raw"
28.0,1/4 cup hoisin sauce,"""06175""","sauce, hoisin, ready-to-serve"
29.0,1 1/2 tablespoons soy sauce,"""16124""",soy sauce made from soy (tamari)
30.0,1 tablespoon ketchup,"""11935""",catsup
31.0,1 tablespoon rice wine vinegar,"""04135""","salad dressing, home recipe, vinegar and oil"
32.0,1 tablespoon freshly squeezed lime juice,"""09160""","lime juice, raw"
33.0,1 teaspoon light brown sugar,"""19334""","sugars, brown"
34.0,1 teaspoon chopped garlic,"""11215""","garlic, raw"
35.0,1 teaspoon chopped fresh ginger,"""11216""","ginger root, raw"
36.0,1/4 teaspoon Asian chile paste,"""06631""","sauce, hot chile, sriracha"
37.0,Salt and pepper,"""02047""","salt, table"
38.0,Vegetable oil cooking spray,"""04513""","vegetable oil, palm kernel"
39.0,1 package Simply Potatoes® Steakhouse Seasoned Diced Potatoes*,"""11352""","potatoes, flesh and skin, raw"
40.0,1/2 cup chipotle or light mayonnaise,"""04708""","mayonnaise, reduced fat, with olive oil"
41.0,1/2 cup sour cream,"""01056""","cream, sour, cultured"
42.0,2 tablespoons chopped fresh chives,"""11156""","chives, raw"
43.0,1/4 teaspoon garlic salt,"""02020""","spices, garlic powder"
44.0,Freshly ground pepper to taste,"""02030""","spices, pepper, black"
45.0,1/3 cup Reduced-Fat Shredded Sharp Cheddar Cheese,"""01270""","cheese, cheddar, sharp, sliced"
46.0,1/4 cup real bacon pieces,"""10123""","pork, cured, bacon, unprepared"
47.0,1/4 cup finely chopped red onion,"""11282""","onions, raw"
0.0,20 large unpeeled garlic cloves,"""11215""","garlic, raw"
1.0,1 tablespoon olive oil,"""04053""","oil, olive, salad or cooking"
2.0,1 tablespoon water,"""14411""","beverages, water, tap, drinking"
3.0,Coarse kosher salt,"""02047""","salt, table"
4.0,Freshly ground white pepper,"""02032""","spices, pepper, white"
5.0,1 pound dark chocolate tempered,"""19080""","candies, semisweet chocolate"
6.0,3/4 cup strawberry puree,"""19297""",jams and preserves
7.0,1/2 cup unsweetened applesauce,"""09019""","applesauce, canned, unsweetened, without added ascorbic acid (includes foods for usda's food distribution program)"
8.0,1 cup corn syrup,"""19351""","syrups, corn, high-fructose"
9.0,2 cups granulated sugar,"""19335""","sugars, granulated"
10.0,2 teaspoons apple pectin,"""19310""","pectin, unsweetened, dry mix"
11.0,2 tablespoons lemon juice,"""09152""","lemon juice, raw"
12.0,1 pound milk chocolate melted,"""19120""","candies, milk chocolate"
13.0,1 cup creamy peanut butter,"""16399""","peanut butter with omega-3, creamy"
14.0,3 anchovy fillets soaked in cold water for 5 minutes dried and coarsely chopped,"""15001""","fish, anchovy, european, raw"
15.0,3/4 cup mayonnaise,"""42138""","mayonnaise, reduced-calorie or diet, cholesterol-free"
16.0,1/4 cup sour cream,"""01056""","cream, sour, cultured"
17.0,2 scallions (white and green) chopped,"""11291""","onions, spring or scallions (includes tops and bulb), raw"
18.0,1 cup mixed fresh herbs such as basil parsley and tarragon,"""02044""","basil, fresh"
19.0,1 tablespoon freshly squeezed lime juice,"""09160""","lime juice, raw"
20.0,1/4 teaspoon kosher salt,"""02047""","salt, table"
21.0,Freshly ground black pepper,"""02030""","spices, pepper, black"
22.0,2 pounds shrimp grilled or poached recipes follow,"""15271""","crustaceans, shrimp, cooked"
23.0,2 tablespoons ground cumin,"""02014""","spices, cumin seed"
24.0,1/4 cup extra-virgin olive oil,"""04053""","oil, olive, salad or cooking"
25.0,3 tablespoons white wine vinegar,"""02053""","vinegar, distilled"
26.0,Kosher salt and freshly ground black pepper,"""02030""","spices, pepper, black"
27.0,16 small new potatoes,"""11507""","sweet potato, raw, unprepared (includes foods for usda's food distribution program)"
28.0,2 to 3 tablespoons canola oil,"""04582""","oil, canola"
29.0,1/2 cup chopped fresh parsley,"""11297""","parsley, fresh"
30.0,4 chicken breast halves,"""05062""","chicken, broiler or fryers, breast, skinless, boneless, meat only, raw"
31.0,1 teaspoon seasoned salt,"""02047""","salt, table"
32.0,1 teaspoon Italian seasoning,"""02034""","spices, poultry seasoning"
33.0,8 to 10 string beans,"""11063""","beans, snap, green, microwaved"
34.0,1 small carrot julienned or 1 cup shredded carrots,"""11124""","carrots, raw"
35.0,1 red pepper julienned,"""11821""","peppers, sweet, red, raw"
36.0,1/2 cup shredded mozzarella,"""01026""","cheese, mozzarella, whole milk"
37.0,2 cups jarred marinara sauce,"""06976""","sauce, pasta, spaghetti/marinara, ready-to-serve, low sodium"
0.0,4 ounces goat cheese,"""01159""","cheese, goat, soft type"
1.0,3/4 cup sour cream,"""01056""","cream, sour, cultured"
2.0,3 hard-boiled eggs peeled,"""01129""","egg, whole, cooked, hard-boiled"
3.0,2 tablespoons minced fresh chives,"""11156""","chives, raw"
4.0,2 teaspoons minced fresh cilantro,"""11165""","coriander (cilantro) leaves, raw"
5.0,2 teaspoons minced fresh dill,"""02045""","dill weed, fresh"
6.0,1 lemon zested and juiced,"""09152""","lemon juice, raw"
7.0,Salt and freshly ground black pepper,"""02030""","spices, pepper, black"
8.0,Spring vegetables for serving,"""11583""","vegetables, mixed, frozen, unprepared"
9.0,3/4 pound fresh spinach cleaned,"""11457""","spinach, raw"
10.0,1 large onion,"""11282""","onions, raw"
11.0,2 1/2 tablespoons all-purpose flour,"""20581""","wheat flour, white, all-purpose, enriched, unbleached"
12.0,Kosher salt and freshly ground black pepper,"""02030""","spices, pepper, black"
13.0,Grapeseed or vegetable oil,"""04513""","vegetable oil, palm kernel"
14.0,1/2 fennel bulb,"""11957""","fennel, bulb, raw"
15.0,3/4 teaspoon extra-virgin olive oil,"""04053""","oil, olive, salad or cooking"
16.0,1 clove garlic minced,"""11215""","garlic, raw"
17.0,2 tablespoons Herbsaint (see Cooks Note),"""14533""","alcoholic beverage, distilled, all (gin, rum, vodka, whiskey) 100 proof"
18.0,1/2 cup whole milk,"""01077""","milk, whole, 3.25% milkfat, with added vitamin d"
19.0,1 tablespoon butter,"""01001""","butter, salted"
20.0,1/4 teaspoon grated nutmeg,"""02025""","spices, nutmeg, ground"
21.0,2 to 3 tablespoons freshly grated Parmesan,"""01033""","cheese, parmesan, hard"
22.0,3 tablespoons olive oil,"""04053""","oil, olive, salad or cooking"
23.0,2 cups chopped onions,"""11282""","onions, raw"
24.0,2/3 cup chopped carrot,"""11124""","carrots, raw"
25.0,2/3 cup chopped celery,"""11143""","celery, raw"
26.0,3 1/2 cups (or more) water,"""14411""","beverages, water, tap, drinking"
27.0,2 to 2 1/2 cups cooked white beans with 3/4 cup reserved cooking liquid (see Cannellini Beans with Garlic and Sage ),"""11853""","soybeans, green, cooked, boiled, drained, with salt"
28.0,1 large tomato seeded finely chopped,"""11529""","tomatoes, red, ripe, raw, year round average"
29.0,1 cup small pasta (such as farfalline),"""20420""","pasta, dry, unenriched"
30.0,1/3 cup chopped green onions (white and pale green parts only; about 2),"""11292""","onions, young green, tops only"
31.0,Extra-virgin olive oil (for drizzling),"""04053""","oil, olive, salad or cooking"
32.0,1 cup shredded cucumber seeds discarded,"""11205""","cucumber, with peel, raw"
33.0,2 cups plain Greek yogurt (see Cooks Notes),"""01287""","yogurt, greek, plain, lowfat"
34.0,2 to 3 cloves garlic minced,"""11215""","garlic, raw"
35.0,6 sprigs fresh dill chopped,"""02045""","dill weed, fresh"
36.0,3 tablespoons white wine vinegar,"""02053""","vinegar, distilled"
37.0,4 tablespoons extra-virgin olive oil,"""04053""","oil, olive, salad or cooking"
38.0,Salt and pepper optional,"""02047""","salt, table"
39.0,1 1/2 pounds ground beef 15 to 25-percent fat (the fattier the tastier),"""23572""","beef, ground, 80% lean meat / 20% fat, raw"
40.0,1 medium red onion finely chopped,"""11282""","onions, raw"
41.0,35 fresh mint leaves chopped,"""02064""","peppermint, fresh"
42.0,1/2 pound manouri cheese crumbled or feta cheese,"""01019""","cheese, feta"
43.0,2 long baguettes each one cut into 3 equal pieces sliced open,"""28318""","bread, french or vienna, whole wheat"
44.0,1 to 3 tomatoes depending on type or size sliced,"""11529""","tomatoes, red, ripe, raw, year round average"
45.0,1 medium red onion thinly sliced,"""11282""","onions, raw"
46.0,Salt and pepper,"""02047""","salt, table"
47.0,Spanish smoked paprika optional,"""02028""","spices, paprika"
48.0,3 large garlic cloves finely chopped,"""11215""","garlic, raw"
49.0,2 tablespoons olive oil,"""04053""","oil, olive, salad or cooking"
50.0,2 tablespoons chopped fresh oregano,"""02027""","spices, oregano, dried"
51.0,2 3/4 pounds 3/4- to 1-inch-thick lamb shoulder blade chops fat trimmed deboned meat cut into 3/4-inch cubes (about 1 1/2 pounds yield),"""17035""","lamb, shoulder, whole (arm and blade), separable lean and fat, trimmed to 1/4"" fat, choice, raw"
52.0,1 teaspoon coarse kosher salt,"""02047""","salt, table"
53.0,Freshly ground black pepper,"""02030""","spices, pepper, black"
54.0,2 red bell peppers,"""11821""","peppers, sweet, red, raw"
55.0,1 large eggplant (14 to 15 ounces) peeled cut into 1-inch cubes,"""11209""","eggplant, raw"
56.0,4 tablespoons olive oil divided,"""04053""","oil, olive, salad or cooking"
57.0,3 tablespoons fresh lemon juice,"""09152""","lemon juice, raw"
58.0,1 1/2 tablespoons drained capers,"""02054""","capers, canned"
59.0,1 tablespoon chopped fresh oregano,"""02027""","spices, oregano, dried"
60.0,4 cups baby arugula (3 to 4 ounces),"""11959""","arugula, raw"
61.0,Special equipment: 6 long metal skewers,"""11026""","bamboo shoots, raw"
0.0,3 cups heavy cream,"""01053""","cream, fluid, heavy whipping"
1.0,1 cup milk,"""01077""","milk, whole, 3.25% milkfat, with added vitamin d"
2.0,1/2 cup granulated sugar,"""19335""","sugars, granulated"
3.0,2 vanilla beans split in half lengthwise,"""02050""",vanilla extract
4.0,1 tablespoon pure vanilla extract,"""02050""",vanilla extract
5.0,4 egg yolks,"""01125""","egg, yolk, raw, fresh"
6.0,4 large boneless skinless chicken breast,"""05062""","chicken, broiler or fryers, breast, skinless, boneless, meat only, raw"
7.0,1 cup all-purpose bleached flour,"""20581""","wheat flour, white, all-purpose, enriched, unbleached"
8.0,1 tablespoon seasoned salt,"""02047""","salt, table"
9.0,1 teaspoon garlic powder,"""02020""","spices, garlic powder"
10.0,1 teaspoon paprika,"""02028""","spices, paprika"
11.0,1 teaspoon black pepper,"""02030""","spices, pepper, black"
12.0,1 cup canola oil,"""04582""","oil, canola"
13.0,1 stick (8 tablespoons) unsalted butter,"""01145""","butter, without salt"
14.0,2 tablespoons minced garlic,"""11215""","garlic, raw"
15.0,One 16-ounce bottle white cooking wine,"""14106""","alcoholic beverage, wine, table, white"
16.0,1 quart heavy whipping cream,"""01053""","cream, fluid, heavy whipping"
17.0,3 lemons,"""09150""","lemons, raw, without peel"
18.0,One 8-ounce bag shredded cheese blend such as Parmesan mozzarella and provolone,"""01026""","cheese, mozzarella, whole milk"
19.0,1/2 cup sugar,"""19335""","sugars, granulated"
20.0,1 3.5-ounce jar capers drained,"""02054""","capers, canned"
21.0,One bunch fresh parsley leaves chopped,"""11297""","parsley, fresh"
22.0,Kosher salt,"""02047""","salt, table"
23.0,1 pound fettuccine,"""20420""","pasta, dry, unenriched"
24.0,2 tablespoons olive oil,"""04053""","oil, olive, salad or cooking"
25.0,Chestnuts,"""12093""","nuts, chestnuts, chinese, raw"
26.0,1 recipe pie crust recipe follows,"""18946""","pie crust, refrigerated, regular, baked"
27.0,1 large egg,"""01123""","egg, whole, raw, fresh"
28.0,1 tablespoon milk,"""01077""","milk, whole, 3.25% milkfat, with added vitamin d"
29.0,6 cups frozen blueberries,"""09055""","blueberries, frozen, sweetened"
30.0,2 teaspoons lemon juice,"""09152""","lemon juice, raw"
31.0,1/2 cup sugar (or less depending on the sweetness of the berries),"""19335""","sugars, granulated"
32.0,1/4 cup all-purpose flour,"""20581""","wheat flour, white, all-purpose, enriched, unbleached"
33.0,Pinch ground cinnamon,"""02010""","spices, cinnamon, ground"
34.0,Pinch freshly grated nutmeg,"""02025""","spices, nutmeg, ground"
35.0,1 tablespoon unsalted butter,"""01145""","butter, without salt"
36.0,1 tablespoon sugar for sprinkling,"""19335""","sugars, granulated"
37.0,1 3-3 1/2-pound boneless pork loin,"""10218""","pork, fresh, loin, tenderloin, separable lean and fat, raw"
38.0,Kosher salt freshly ground pepper,"""02047""","salt, table"
39.0,1 cup whole grain mustard,"""02046""","mustard, prepared, yellow"
40.0,1/4 cup mustard powder,"""02024""","spices, mustard seed, ground"
41.0,1/2 cup olive oil divided,"""04053""","oil, olive, salad or cooking"
42.0,2 cups farro,"""20137""","quinoa, cooked"
43.0,1/3 cup apple cider vinegar,"""02048""","vinegar, cider"
44.0,1 tablespoon caraway seeds coarsely chopped,"""02005""","spices, caraway seed"
45.0,1 teaspoon honey,"""19296""",honey
46.0,1 1/2 pounds baby carrots any color very thinly sliced lengthwise on a mandoline,"""11960""","carrots, baby, raw"
47.0,1/2 small red onion very thinly sliced into rings,"""11282""","onions, raw"
48.0,1 cup (packed) fresh flat-leaf parsley leaves,"""11297""","parsley, fresh"
0.0,3 cups ice cubes,"""14411""","beverages, water, tap, drinking"
1.0,1/4 cup lemon slices,"""09150""","lemons, raw, without peel"
2.0,1/4 cup lime slices,"""09160""","lime juice, raw"
3.0,1/4 cup orange slices,"""09203""","oranges, raw, florida"
4.0,1/4 cup pineapple chunks,"""09266""","pineapple, raw, all varieties"
5.0,1/4 cup seedless grapes,"""09132""","grapes, red or green (european type, such as thompson seedless), raw"
6.0,2 cups red wine,"""14096""","alcoholic beverage, wine, table, red"
7.0,1/2 cup peach brandy,"""14037""","alcoholic beverage, distilled, all (gin, rum, vodka, whiskey) 80 proof"
8.0,1 cup orange juice,"""42270""","beverages, orange juice drink"
9.0,1 cup lemon/lime soda,"""14121""","beverages, carbonated, club soda"
10.0,2 tablespoons canola oil,"""04582""","oil, canola"
11.0,1/2 red onion sliced thin,"""11282""","onions, raw"
12.0,1 carrot peeled and julienned,"""11124""","carrots, raw"
13.0,1/2 cup sliced shiitake mushrooms,"""11238""","mushrooms, shiitake, raw"
14.0,1 tablespoon garlic,"""11215""","garlic, raw"
15.0,1 teaspoon sriracha or hot sauce,"""06168""","sauce, ready-to-serve, pepper or hot"
16.0,1 tablespoon soy sauce,"""16124""",soy sauce made from soy (tamari)
17.0,1/2 lime juiced,"""09160""","lime juice, raw"
18.0,1 tablespoon freshly chopped cilantro leaves,"""11165""","coriander (cilantro) leaves, raw"
19.0,1 egg white,"""01124""","egg, white, raw, fresh"
20.0,1/2 teaspoon cornstarch,"""20027""",cornstarch
21.0,10 egg roll wrappers,"""22955""","egg rolls, vegetable, frozen, prepared"
22.0,1 pound fresh yellowfin tuna cut into 1/2 by 3-inch strips,"""15127""","fish, tuna, fresh, yellowfin, raw"
23.0,Scallions for garnish,"""11291""","onions, spring or scallions (includes tops and bulb), raw"
24.0,Orange slices for garnish,"""09203""","oranges, raw, florida"
25.0,Citrus Dipping Sauce recipe follows,"16124""",soy sauce made from soy (tamari)
26.0,3 oranges juiced,"""42270""","beverages, orange juice drink"
27.0,1 tablespoon soy sauce,"""16124""",soy sauce made from soy (tamari)
28.0,1 tablespoon honey,"""19296""",honey
29.0,2 tablespoons sliced scallion,"""11291""","onions, spring or scallions (includes tops and bulb), raw"
30.0,Pinch red pepper flakes,"""02031""","spices, pepper, red or cayenne"
31.0,Pinch kosher salt,"""02047""","salt, table"
32.0,Pinch coarse ground black pepper,"""02030""","spices, pepper, black"
33.0,One 1-pound ball prepared pizza dough,"""18017""","biscuits, mixed grain, refrigerated dough"
34.0,All-purpose flour for rolling the dough,"""20581""","wheat flour, white, all-purpose, enriched, unbleached"
35.0,1 tablespoon olive oil,"""04053""","oil, olive, salad or cooking"
36.0,1 clove garlic finely grated,"""11215""","garlic, raw"
37.0,Kosher salt and freshly ground black pepper,"""02030""","spices, pepper, black"
38.0,1 cup ricotta cheese,"""01036""","cheese, ricotta, whole milk"
39.0,1/3 cup grated Parmesan,"""01033""","cheese, parmesan, hard"
40.0,1/2 teaspoon dried Italian seasoning,"""02031""","spices, pepper, red or cayenne"
41.0,1 1/2 cups shredded mozzarella (about 6 ounces),"""01026""","cheese, mozzarella, whole milk"
42.0,4 pitted black olives ends trimmed and each cut into 3 rounds,"""09194""","olives, ripe, canned (jumbo-super colossal)"
43.0,12 dried ghost peppers stems removed,"""11819""","peppers, hot chili, red, raw"
44.0,2 Roma tomato quartered,"""11529""","tomatoes, red, ripe, raw, year round average"
45.0,4 fresh habanero peppers stems removed,"""11979""","peppers, jalapeno, raw"
46.0,1 white onion chopped,"""11282""","onions, raw"
47.0,1/2 teaspoon salt plus more for seasoning,"""02047""","salt, table"
48.0,1/4 cup store-bought ghost pepper sauce,"""06168""","sauce, ready-to-serve, pepper or hot"
49.0,Freshly ground black pepper,"""02030""","spices, pepper, black"
50.0,2 large russet potatoes cleaned,"""11353""","potatoes, russet, flesh and skin, raw (includes foods for usda's food distribution program)"
51.0,1/4 cup sour cream,"""01056""","cream, sour, cultured"
52.0,2 green onions chopped,"""11291""","onions, spring or scallions (includes tops and bulb), raw"
53.0,2 pickled jalapenos sliced,"""11979""","peppers, jalapeno, raw"
54.0,1/2 cup cheese sauce,"""01164""","cheese sauce, prepared from recipe"
55.0,"1/4 loaf seeded rye bread torn into 1"""" pieces (about 2 cups)","""18029""","bread, french or vienna (includes sourdough)"
56.0,4 dried chiles de árbol divided,"""02031""","spices, pepper, red or cayenne"
57.0,4 tablespoons olive oil divided,"""04053""","oil, olive, salad or cooking"
58.0,Kosher salt,"""02047""","salt, table"
59.0,freshly ground pepper,"""02030""","spices, pepper, black"
60.0,1 pound broccolini larger stalks halved lengthwise,"""11969""","broccoli, chinese, cooked"
61.0,4 tablespoons finely grated Parmesan divided,"""01033""","cheese, parmesan, hard"
62.0,4 ounces white cheddar thinly sliced,"""01270""","cheese, cheddar, sharp, sliced"
0.0,4 herrings cleaned boned and heads and tails removed,"""15039""","fish, herring, atlantic, raw"
1.0,1 small onion sliced,"""11282""","onions, raw"
2.0,1 tablespoon mixed pickling sauce,"""11945""","pickle relish, sweet"
3.0,2 bay leaves,"""02004""","spices, bay leaf"
4.0,Salt and freshly ground black pepper,"""02030""","spices, pepper, black"
5.0,1/4 pint (1/2 cup) dry white wine,"""14106""","alcoholic beverage, wine, table, white"
6.0,1/4 pint (1/2 cup) good wine vinegar,"""02068""","vinegar, red wine"
7.0,2 cup all-purpose flour (spooned and leveled),,
,"""20581""","wheat flour, white, all-purpose, enriched, unbleached",
8.0,2 teaspoon pumpkin pie spice,,
,"""02035""","spices, pumpkin pie spice",
9.0,1 1/2 teaspoon baking powder,,
,"""18371""","leavening agents, baking powder, low-sodium",
10.0,1/4 teaspoon fine salt,,
,"""02047""","salt, table",
11.0,2 eggs,,
,"""01123""","egg, whole, raw, fresh",
12.0,3/4 cup pure pumpkin puree,,
,"""11424""","pumpkin, canned, without salt",
13.0,1 cup light-brown sugar packed,,
,"""19335""","sugars, granulated",
14.0,1/3 cup unsalted butter melted plus 1/4 cup room temperature,,
,"""01145""","butter, without salt",
15.0,3/4 cup heavy cream,,
,"""01053""","cream, fluid, heavy whipping",
16.0,2/3 cup unsweetened cocoa powder,,
,"""19165""","cocoa, dry powder, unsweetened",
17.0,1 3/4 cup confectioners sugar plus more for serving,"""19336""","sugars, powdered"
18.0,3 ounces blue cheese softened,"""01004""","cheese, blue"
19.0,1/8 cup butter softened,"""01001""","butter, salted"
20.0,1/4 teaspoon cayenne,"""02031""","spices, pepper, red or cayenne"
21.0,2 pounds beef tenderloin trimmed halved lengthwise and pounded to 1/2-inch thick,"""13925""","beef, tenderloin, roast, separable lean and fat, trimmed to 1/8"" fat, select, cooked, roasted"
22.0,Freshly ground salt to taste,"""02047""","salt, table"
23.0,Freshly ground pepper to taste,"""02030""","spices, pepper, black"
24.0,Clarified butter,"""01145""","butter, without salt"
25.0,1/4 pound Gruyere thinly sliced,"""01023""","cheese, gruyere"
26.0,8 anchovy fillets soaked in a little milk to reduce salt,"""15001""","fish, anchovy, european, raw"
27.0,1 jar red pimento sliced lengthwise,"""11943""","pimento, canned"
28.0,1 tablespoon chopped parsley,"""11297""","parsley, fresh"
29.0,Olive oil as needed,"""04053""","oil, olive, salad or cooking"
30.0,1 (4-to-5-pound) chicken cut into 8 to 10 pieces,"""05011""","chicken, broilers or fryers, meat only, raw"
31.0,Kosher salt,"""02047""","salt, table"
32.0,2 large onions sliced,"""11282""","onions, raw"
33.0,Pinch crushed red pepper flakes,"""02031""","spices, pepper, red or cayenne"
34.0,4 garlic cloves smashed and finely chopped,"""11215""","garlic, raw"
35.0,1 red pepper cut into 1/2-inch dice,"""11821""","peppers, sweet, red, raw"
36.0,1 yellow pepper cut into 1/2-inch dice,"""11951""","peppers, sweet, yellow, raw"
37.0,1 pound cremini mushrooms cleaned and sliced,"""11260""","mushrooms, white, raw"
38.0,2 cups dry white wine,"""14106""","alcoholic beverage, wine, table, white"
39.0,2 (28-ounce) cans Italian plum tomatoes passed through the food mill or pureed,"""11531""","tomatoes, red, ripe, canned, packed in tomato juice"
40.0,1 bundle thyme,"""02049""","thyme, fresh"
41.0,3 bay leaves,"""02004""","spices, bay leaf"
42.0,2 cups cake flour,"""20084""","wheat flour, white, cake, enriched"
43.0,1 teaspoon baking soda,"""18372""","leavening agents, baking soda"
44.0,1 teaspoon ground ginger,"""02021""","spices, ginger, ground"
45.0,1/4 teaspoon fine salt,"""02047""","salt, table"
46.0,1 cup canned pure pumpkin puree,"""11424""","pumpkin, canned, without salt"
47.0,1/4 cup reduced-fat buttermilk,"""01230""","milk, buttermilk, fluid, whole"
48.0,1 teaspoon pure vanilla extract,"""02050""",vanilla extract
49.0,4 tablespoons unsalted butter at room temperature,"""01145""","butter, without salt"
50.0,1 packed cup light brown sugar,"""19334""","sugars, brown"
51.0,2 large eggs at room temperature,"""01123""","egg, whole, raw, fresh"
52.0,1/4 cup finely chopped crystallized ginger,"""11216""","ginger root, raw"
53.0,Confectioners sugar optional,"""19336""","sugars, powdered"
0.0,1/4 cup coarse-grain mustard,"""02046""","mustard, prepared, yellow"
1.0,3/4 teaspoon dry mustard,"""02024""","spices, mustard seed, ground"
2.0,2 1/4 teaspoons packed dark brown sugar,"""19334""","sugars, brown"
3.0,3/4 teaspoon coarsely ground black pepper,"""02030""","spices, pepper, black"
4.0,1/2 teaspoon finely grated fresh lemon zest,"""09156""","lemon peel, raw"
5.0,1 (1-lb) trimmed beef tenderloin roast tied,"""13925""","beef, tenderloin, roast, separable lean and fat, trimmed to 1/8"" fat, select, cooked, roasted"
6.0,1 tablespoon vegetable oil,"""04513""","vegetable oil, palm kernel"
7.0,1 small red onion (1/4 lb) thinly sliced,"""11282""","onions, raw"
8.0,1/2 lb wax or green beans cut diagonally into 2-inch pieces,"""11052""","beans, snap, green, raw"
9.0,4 oz baby arugula (4 cups),"""11959""","arugula, raw"
10.0,1 1/2 tablespoons balsamic vinegar,"""02069""","vinegar, balsamic"
11.0,1 tablespoon fresh lemon juice,"""09152""","lemon juice, raw"
12.0,1/4 teaspoon Dijon mustard,"""02046""","mustard, prepared, yellow"
13.0,1/4 cup olive oil,"""04053""","oil, olive, salad or cooking"
14.0,2 1/3 cups water,"""14411""","beverages, water, tap, drinking"
15.0,1/2 cup sugar,"""19335""","sugars, granulated"
16.0,1/3 cup dried cranberries,"""09079""","cranberries, dried, sweetened (includes foods for usda's food distribution program)"
17.0,1/3 cup dried apricots chopped,"""09032""","apricots, dried, sulfured, uncooked"
18.0,1/3 cup dried cherries chopped,"""09044""","cherries, tart, dried, sweetened (includes foods for usda's food distribution program)"
19.0,2 1/2 cups (about 1 pound) couscous,"""20028""","couscous, dry"
20.0,1/2 cup coarsely chopped toasted slivered almonds,"""12061""","nuts, almonds"
21.0,1/4 cup extra-virgin olive oil if desired,"""04053""","oil, olive, salad or cooking"
22.0,6 ounces sliced provolone cheese,"""01035""","cheese, provolone"
23.0,5 ounces very thinly sliced sopresatta,"""07071""","salami, dry or hard, pork"
24.0,5 ounces very thinly sliced salami,"""07071""","salami, dry or hard, pork"
25.0,1/2 cup fresh basil leaves,"""02044""","basil, fresh"
26.0,5 ounces very thinly sliced prosciutto,"""10860""","pork, cured, bacon, cooked, baked"
27.0,6 ounces sliced mozzarella cheese,"""01026""","cheese, mozzarella, whole milk"
28.0,3 cups 1-inch pieces iceberg lettuce,"""11252""","lettuce, iceberg (includes crisphead types), raw"
29.0,3 cups 1-inch pieces romaine lettuce,"""11251""","lettuce, cos or romaine, raw"
30.0,2 cups 1/4-inch julienned strips radicchio,"""11952""","radicchio, raw"
31.0,1 cup 1/4-inch julienned strips endive,"""11213""","endive, raw"
32.0,1/2 cup pepperoncini cut in thirds,"""31034""","peppers, hot pickled, canned"
33.0,1/2 cup peppadews quartered,"""31034""","peppers, hot pickled, canned"
34.0,1/2 cup black olives quartered,"""09194""","olives, ripe, canned (jumbo-super colossal)"
35.0,1/3 cup balsamic vinegar,"""02069""","vinegar, balsamic"
36.0,1 teaspoon finely chopped fresh oregano leaves,"""02027""","spices, oregano, dried"
37.0,2 teaspoons finely chopped fresh parsley leaves,"""11297""","parsley, fresh"
38.0,1 teaspoon finely chopped fresh thyme leaves,"""02049""","thyme, fresh"
39.0,1 teaspoon finely minced garlic,"""11215""","garlic, raw"
40.0,1/4 teaspoon salt,"""02047""","salt, table"
41.0,1/2 teaspoon freshly ground black pepper,"""02030""","spices, pepper, black"
42.0,3/4 cup extra-virgin olive oil,"""04053""","oil, olive, salad or cooking"
43.0,3 tablespoons grated Parmesan,"""01033""","cheese, parmesan, hard"
44.0,1 large firm eggplant,"""11209""","eggplant, raw"
45.0,3 large eggs,"""01123""","egg, whole, raw, fresh"
46.0,Salt and freshly ground black pepper,"""02030""","spices, pepper, black"
47.0,4 cups Italian seasoned bread crumbs,"""18376""","bread, crumbs, dry, grated, seasoned"
48.0,1/2 cup olive oil approximately,"""04053""","oil, olive, salad or cooking"
49.0,6 Italian style hoagie rolls warmed in a preheated 350 degree F oven for 5 minutes before serving,"""18350""","rolls, hamburger or hotdog, plain"
50.0,1 cup part-skim Mozzarella shredded,"""01026""","cheese, mozzarella, whole milk"
51.0,2 cups prepared marinara sauce warm,"""06931""","sauce, pasta, spaghetti/marinara, ready-to-serve"
52.0,1 envelope active dry yeast,"""18375""","leavening agents, yeast, baker's, active dry"
53.0,1 1/2 teaspoons sugar,"""19335""","sugars, granulated"
54.0,1 cup lukewarm whole milk,"""01077""","milk, whole, 3.25% milkfat, with added vitamin d"
55.0,2 1/4 cups all-purpose flour plus more for dusting work surface,"""20581""","wheat flour, white, all-purpose, enriched, unbleached"
56.0,1 tablespoon extra-virgin olive oil,"""04053""","oil, olive, salad or cooking"
57.0,3/4 teaspoon salt preferably gray salt,"""02047""","salt, table"
58.0,1 tablespoon extra virgin olive oil,"""04053""","oil, olive, salad or cooking"
59.0,3/4 cup diced pancetta or bacon (about 1/4 pound cut in 1/2-inch dice),"""10123""","pork, cured, bacon, unprepared"
60.0,1 1/2 cups peeled and diced new or russet potatoes (about 1/2 pound cut in 1/2-inch dice),"""11353""","potatoes, russet, flesh and skin, raw (includes foods for usda's food distribution program)"
61.0,2 teaspoons finely chopped fresh rosemary leaves,"""02063""","rosemary, fresh"
62.0,Gray salt and freshly ground black pepper,"""02030""","spices, pepper, black"
63.0,1 teaspoon freshly grated lemon zest,"""09156""","lemon peel, raw"
64.0,2 tablespoons extra-virgin olive oil to coat the baking sheet and the dough,"""04053""","oil, olive, salad or cooking"
0.0,2 pounds boiling potatoes,"""11352""","potatoes, flesh and skin, raw"
1.0,5 tablespoons unsalted butter melted,"""01145""","butter, without salt"
2.0,1/2 cup reduced-sodium chicken broth,"""06172""","soup, stock, chicken, home-prepared"
3.0,Equipment: an adjustable-blade slicer,"""23263""","beef, ribeye  petite roast/filet, boneless, separable lean only, trimmed to 0"" fat, all grades, raw"
4.0,1 tablespoon salt,"""02047""","salt, table"
5.0,1 pound dried black beans rinsed and checked for stones or impurities,"""16014""","beans, black, mature seeds, raw"
6.0,1 tablespoon vegetable oil,"""04513""","vegetable oil, palm kernel"
7.0,1 onion small dice,"""11282""","onions, raw"
8.0,3 cups rice,"""20051""","rice, white, medium-grain, enriched, cooked"
9.0,1 (8-ounce) bag frozen okra defrosted,"""11463""","spinach, frozen, chopped or leaf, unprepared (includes foods for usda's food distribution program)"
10.0,5 fresh tomatoes cut into wedges,"""11529""","tomatoes, red, ripe, raw, year round average"
11.0,Cured Cobia:,"""15005""","fish, bluefish, raw"
12.0,1 large fillet fresh cobia skin removed,"""15062""","fish, pike, northern, raw"
13.0,2 cups salt,"""02047""","salt, table"
14.0,1 cup sugar,"""19335""","sugars, granulated"
15.0,Zest and juice of 3 lemons plus more juice for drizzling,"""09152""","lemon juice, raw"
16.0,Zest and juice of 3 limes,"""09160""","lime juice, raw"
17.0,Zest and juice of 3 oranges,"""09206""","orange juice, raw (includes foods for usda's food distribution program)"
18.0,Toasted Pine Nut Relish:,"""12147""","nuts, pine nuts, dried"
19.0,1/2 cup pine nuts,"""12147""","nuts, pine nuts, dried"
20.0,1/2 cup golden raisins,"""09297""","raisins, golden, seedless"
21.0,1/4 cup capers,"""02054""","capers, canned"
22.0,Extra-virgin olive oil plus more for drizzling,"""04053""","oil, olive, salad or cooking"
23.0,Grated bottarga (dried silver mullet roe) for garnish optional,"""15072""","fish, roe, mixed species, raw"
24.0,Salt and freshly ground pepper optional,"""02030""","spices, pepper, black"
25.0,Olive oil (for pan),"""04053""","oil, olive, salad or cooking"
26.0,"5 1/2 pounds sweet potatoes peeled cut into 1 1/2"""" pieces","""11507""","sweet potato, raw, unprepared (includes foods for usda's food distribution program)"
27.0,2 teaspoons kosher salt divided plus more,"""02047""","salt, table"
28.0,1 1/4 cups pure maple syrup divided,"""19353""","syrups, maple"
29.0,2 cups pecan halves (about 7 ounces),"""12142""","nuts, pecans"
30.0,1 1/2 teaspoons freshly ground black pepper divided,"""02030""","spices, pepper, black"
31.0,1 pound cooked and flaked salmon,"""15238""","fish, salmon, coho, farmed, raw"
32.0,3 ounces chopped fresh flat-leaf parsley,"""11297""","parsley, fresh"
33.0,1/2 cup finely chopped celery,"""11143""","celery, raw"
34.0,2 tablespoons fine breadcrumbs,"""18069""","bread, white, commercially prepared (includes soft bread crumbs)"
35.0,1 tablespoon olive oil,"""04053""","oil, olive, salad or cooking"
36.0,1/2 teaspoon sea salt,"""02047""","salt, table"
37.0,1/2 teaspoon pepper,"""02030""","spices, pepper, black"
38.0,4 sprigs dill chopped,"""02045""","dill weed, fresh"
39.0,4 cloves garlic finely chopped,"""11215""","garlic, raw"
40.0,1/2 small onion finely chopped,"""11282""","onions, raw"
41.0,1/2 cup fine breadcrumbs,"""18069""","bread, white, commercially prepared (includes soft bread crumbs)"
42.0,1/2 cup all-purpose flour,"""20581""","wheat flour, white, all-purpose, enriched, unbleached"
43.0,Pinch chopped fresh parsley,"""11297""","parsley, fresh"
44.0,1 cup Greek yogurt,"""01287""","yogurt, greek, plain, lowfat"
45.0,1/2 teaspoon sea salt,"""02047""","salt, table"
46.0,1/2 fresh lemon,"""09150""","lemons, raw, without peel"
47.0,1 sprig dill chopped,"""02045""","dill weed, fresh"
0.0,1 1/2 pounds ground turkey,"""05665""","turkey, ground, 93% lean, 7% fat, raw"
1.0,Olive oil,"""04053""","oil, olive, salad or cooking"
2.0,Salt and freshly ground pepper,"""02047""","salt, table"
3.0,8 (1/4-inch thick) slices good quality rye bread,"""28318""","bread, french or vienna, whole wheat"
4.0,8 (1/4-inch thick) slices Gruyere,"""01023""","cheese, gruyere"
5.0,Grilled Onion Relish recipe follows,"""11282""","onions, raw"
6.0,2 red onions peeled and sliced into 1/4-inch thick slices,"""11282""","onions, raw"
7.0,Olive oil,"""04053""","oil, olive, salad or cooking"
8.0,1/4 cup balsamic vinegar,"""02069""","vinegar, balsamic"
9.0,1 tablespoon Dijon mustard,"""02046""","mustard, prepared, yellow"
10.0,Salt and freshly ground pepper,"""02030""","spices, pepper, black"
11.0,1 tablespoon finely chopped fresh thyme leaves,"""02049""","thyme, fresh"
12.0,four 3/4-inch- (2-cm-) thick slices peasant bread,"""18033""","bread, italian"
13.0,1/3 cup (80 ml) olive oil,"""04053""","oil, olive, salad or cooking"
14.0,3 medium cloves garlicsmashed peeled and sliced,"""11215""","garlic, raw"
15.0,1 medium onion very finely chopped,"""11282""","onions, raw"
16.0,14 large basil leaves washed well and cut across into narrow strips,"""02044""","basil, fresh"
17.0,1 3/4 pounds (790 g) plum tomatoes peeled and cut into 1/4-inch (.5-cm) dice,"""11529""","tomatoes, red, ripe, raw, year round average"
18.0,4 cups (1 liter) chicken stock [for a vegetarian soup use Garlic Broth ],"""06172""","soup, stock, chicken, home-prepared"
19.0,2 teaspoons coarse salt or less if using commercial broth,"""02047""","salt, table"
20.0,freshly ground black pepper to taste,"""02030""","spices, pepper, black"
21.0,good olive oil for serving,"""04053""","oil, olive, salad or cooking"
22.0,1 teaspoon mustard,"""02046""","mustard, prepared, yellow"
23.0,2 teaspoon balsamic vinegar,"""02069""","vinegar, balsamic"
24.0,1 teaspoon soy sauce,"""16124""",soy sauce made from soy (tamari)
25.0,1 teaspoon honey,"""19296""",honey
26.0,Salt and pepper,"""02047""","salt, table"
27.0,1/2 cup olive oil,"""44005""","oil, corn, peanut, and olive"
28.0,1/4 cup vegetable oil,"""04513""","vegetable oil, palm kernel"
29.0,1 papaya,"""09226""","papayas, raw"
30.0,1 guava,"""09139""","guavas, common, raw"
31.0,1 Asian pear,"""09252""","pears, raw"
32.0,1 pound mesclun salad,"""11253""","lettuce, green leaf, raw"
33.0,1 log goat cheese,"""01159""","cheese, goat, soft type"
34.0,6 nopales (cactus leaves),"""11253""","lettuce, green leaf, raw"
35.0,1 onion quartered,"""11282""","onions, raw"
36.0,4 garlic cloves crushed,"""11215""","garlic, raw"
37.0,1/4 cup cider vinegar,"""02048""","vinegar, cider"
38.0,1 tablespoons dried oregano preferably Mexican,"""02027""","spices, oregano, dried"
39.0,1 tablespoon red pepper flakes,"""02031""","spices, pepper, red or cayenne"
40.0,3/4 cup extra-virgin olive oil,"""04053""","oil, olive, salad or cooking"
41.0,Fine sea salt to taste,"""02047""","salt, table"
42.0,3 plum (Roma) tomatoes cut into thin wedges,"""11529""","tomatoes, red, ripe, raw, year round average"
43.0,1/2 red onion thinly sliced,"""11282""","onions, raw"
44.0,1/2 cup chopped fresh cilantro,"""11165""","coriander (cilantro) leaves, raw"
45.0,1 avocado peeled pitted and thinly sliced,"""09038""","avocados, raw, california"
46.0,1/2 cup (2 ounces) grated queso fresco or ricotta salata cheese,"""01036""","cheese, ricotta, whole milk"
47.0,4 cups cranberry juice,"""14257""","beverages, ocean spray, light cranberry"
48.0,One 750-milliliter bottle sparkling apple juice,"""09400""","apple juice, canned or bottled, unsweetened, with added ascorbic acid"
49.0,1 orange juiced,"""09209""","orange juice, chilled, includes from concentrate"
50.0,2 cups vanilla vodka optional,"""14533""","alcoholic beverage, distilled, all (gin, rum, vodka, whiskey) 100 proof"
51.0,1/2 cup orange-flavored liqueur optional,"""14533""","alcoholic beverage, distilled, all (gin, rum, vodka, whiskey) 100 proof"
52.0,Orange wedges for garnish,"""09203""","oranges, raw, florida"
0.0,2 tablespoons extra-virgin olive oil,"""04053""","oil, olive, salad or cooking"
1.0,2 leeks (white and light green parts only) thinly sliced,"""11246""","leeks, (bulb and lower leaf-portion), raw"
2.0,3 stalks celery chopped,"""11143""","celery, raw"
3.0,3 carrots chopped,"""11124""","carrots, raw"
4.0,2 parsnips chopped,"""11298""","parsnips, raw"
5.0,4 quarts Turkey Broth recipe follows,"""06194""","soup, chicken broth, ready-to-serve"
6.0,Kosher salt,"""02047""","salt, table"
7.0,1 small head escarole chopped,"""11252""","lettuce, iceberg (includes crisphead types), raw"
8.0,2 wide strips lemon zest (removed with a vegetable peeler),"""09156""","lemon peel, raw"
9.0,3 cups chopped leftover roast turkey (skin removed),"""07944""","turkey, white, rotisserie, deli cut"
10.0,1 cup farfalline or other small pasta,"""20420""","pasta, dry, unenriched"
11.0,Juice of 1/2 lemon,"""09152""","lemon juice, raw"
12.0,1/4 cup chopped fresh dill and/or parsley (optional),"""02045""","dill weed, fresh"
13.0,1 turkey carcass (from a roasted bird),"""07944""","turkey, white, rotisserie, deli cut"
14.0,2 onions cut into chunks,"""11282""","onions, raw"
15.0,2 carrots cut into chunks,"""11124""","carrots, raw"
16.0,3 stalks celery cut into chunks,"""11143""","celery, raw"
17.0,1 bunch fresh parsley,"""11297""","parsley, fresh"
18.0,4 cloves garlic smashed (unpeeled),"""11215""","garlic, raw"
19.0,1 teaspoon black peppercorns,"""02030""","spices, pepper, black"
20.0,2 bay leaves,"""02004""","spices, bay leaf"
21.0,2 large onions,"""11282""","onions, raw"
22.0,11 garlic cloves,"""11215""","garlic, raw"
23.0,2 cinnamon sticks,"""02010""","spices, cinnamon, ground"
24.0,6 whole cloves,"""02011""","spices, cloves, ground"
25.0,1 bunch fresh thyme or 1 tablespoon dried,"""02049""","thyme, fresh"
26.0,1 gallon vegetable stock recipe above,"""06615""","soup, swanson, vegetable broth"
27.0,3 cups lentils washed and picked over,"""16069""","lentils, raw"
28.0,6 tablespoons olive oil or unsalted butter,"""04053""","oil, olive, salad or cooking"
29.0,2 ripe plantains or bananas peeled cut in half and diced,"""09040""","bananas, raw"
30.0,3 medium carrots peeled cut into quarters lengthwise and sliced in 1/2-inch pieces,"""11124""","carrots, raw"
31.0,1 tablespoon salt,"""02047""","salt, table"
32.0,1/4 teaspoon ground allspice,"""02001""","spices, allspice, ground"
33.0,1 1/2 bunches cilantro leaves and stems chopped,"""11165""","coriander (cilantro) leaves, raw"
34.0,3 tablespoons extra-virgin olive oil,"""04053""","oil, olive, salad or cooking"
35.0,4 plum tomatoes trimmed and halved crosswise,"""11529""","tomatoes, red, ripe, raw, year round average"
36.0,1 small white onion sliced into 4 rounds,"""11282""","onions, raw"
37.0,Kosher salt and freshly ground pepper,"""02047""","salt, table"
38.0,1 cup panko (Japanese breadcrumbs) or plain breadcrumbs,"""18079""","bread, crumbs, dry, grated, plain"
39.0,10 large eggs,"""01123""","egg, whole, raw, fresh"
40.0,2 tablespoons milk,"""01077""","milk, whole, 3.25% milkfat, with added vitamin d"
41.0,4 tablespoons mixed chopped herbs (such as parsley and dill) and/or scallions,"""11297""","parsley, fresh"
42.0,4 teaspoons unsalted butter,"""01145""","butter, without salt"
43.0,4 ounces shredded gruyere or Swiss cheese (about 1 cup),"""01023""","cheese, gruyere"
44.0,2/3 cup bourbon,"""14037""","alcoholic beverage, distilled, all (gin, rum, vodka, whiskey) 80 proof"
45.0,4 cups milk,"""01077""","milk, whole, 3.25% milkfat, with added vitamin d"
46.0,1 1/4 cups sugar,"""19335""","sugars, granulated"
47.0,5 large eggs,"""01123""","egg, whole, raw, fresh"
48.0,1 1/2 teaspoons vanilla extract,"""02050""",vanilla extract
49.0,18 cups loosely packed cubes of stale bread crusts removed,"""18033""","bread, italian"
50.0,3/4 cup golden raisins,"""09297""","raisins, golden, seedless"
51.0,1 teaspoons cinnamon,"""02010""","spices, cinnamon, ground"
52.0,1/2 teaspoon nutmeg,"""02025""","spices, nutmeg, ground"
53.0,Butter,"""01001""","butter, salted"
54.0,3 tablespoons unsalted butter,"""01145""","butter, without salt"
55.0,1 teaspoons vanilla extract,"""02050""",vanilla extract
56.0,1/2 cup confectioners sugar,"""19335""","sugars, granulated"
57.0,1/2 cup bourbon,"""14037""","alcoholic beverage, distilled, all (gin, rum, vodka, whiskey) 80 proof"
0.0,3 Thai chiles sliced thin,"""11819""","peppers, hot chili, red, raw"
1.0,2 tablespoons fresh cilantro leaves finely chopped,"""11165""","coriander (cilantro) leaves, raw"
2.0,1 orange zested and juiced,"""09203""","oranges, raw, florida"
3.0,2 tablespoons rice wine vinegar,"""02068""","vinegar, red wine"
4.0,1 tablespoon Mirin,"""02068""","vinegar, red wine"
5.0,Kosher salt and freshly ground black pepper to taste,"""02047""","salt, table"
6.0,2 boneless skinless chicken breast halves cut into 8 cubes,"""05062""","chicken, broiler or fryers, breast, skinless, boneless, meat only, raw"
7.0,8 shrimp peeled deveined and tail removed,"""15270""","crustaceans, shrimp, raw"
8.0,2 tablespoons peanut oil,"""44005""","oil, corn, peanut, and olive"
9.0,5 Thai chiles sliced thin,"""11819""","peppers, hot chili, red, raw"
10.0,4 cloves garlic sliced thin,"""11215""","garlic, raw"
11.0,1/2 cup rice wine vinegar,"""02068""","vinegar, red wine"
12.0,1 1/2 cups coconut milk,"""12117""","nuts, coconut milk, raw (liquid expressed from grated meat and water)"
13.0,5 tablespoons peanut butter,"""16167""","peanut butter, smooth (includes foods for usda's food distribution program)"
14.0,Kosher salt and freshly ground black pepper to taste,"""02047""","salt, table"
15.0,1/2 teaspoon dried red pepper flakes,"""02031""","spices, pepper, red or cayenne"
16.0,Fresh Vegetable Salad recipe follows:,"""11156""","chives, raw"
17.0,2 cups Napa cabbage washed and julienned,"""11114""","cabbage, savoy, raw"
18.0,1 small red pepper julienned thin,"""11821""","peppers, sweet, red, raw"
19.0,1 small yellow pepper julienned thin,"""11951""","peppers, sweet, yellow, raw"
20.0,1 small red onion julienned thin,"""11282""","onions, raw"
21.0,1 cup snap peas julienned thin,"""11300""","peas, edible-podded, raw"
22.0,2 tablespoons finely chopped fresh cilantro leaves,"""11165""","coriander (cilantro) leaves, raw"
23.0,Juice of 1 orange,"""42270""","beverages, orange juice drink"
24.0,2 tablespoons rice wine vinegar,"""02068""","vinegar, red wine"
25.0,2 tablespoons peanut oil,"""44005""","oil, corn, peanut, and olive"
26.0,1 tablespoon red wine vinegar,"""02068""","vinegar, red wine"
27.0,Kosher salt and freshly ground black pepper to taste,"""02047""","salt, table"
28.0,1/2 cup canola oil,"""04582""","oil, canola"
29.0,2 tablespoons plus 1 teaspoon finely chopped fresh garlic salt made a paste,"""02020""","spices, garlic powder"
30.0,2 tablespoons plus 1 teaspoon finely chopped fresh thyme leaves,"""02049""","thyme, fresh"
31.0,2 tablespoons grated lemon zest,"""09156""","lemon peel, raw"
32.0,1 tablespoon chopped onion,"""11282""","onions, raw"
33.0,Pinch crushed red pepper flakes,"""02031""","spices, pepper, red or cayenne"
34.0,1 (3-pound) whole chicken butterflied,"""05057""","chicken, broilers or fryers, breast, meat and skin, raw"
35.0,Salt and freshly ground black pepper,"""02030""","spices, pepper, black"
36.0,4 lemons,"""09150""","lemons, raw, without peel"
37.0,1 1/2 cups whole milk,"""01077""","milk, whole, 3.25% milkfat, with added vitamin d"
38.0,1/3 cup sugar,"""19335""","sugars, granulated"
39.0,2 tablespoons all purpose flour,"""20581""","wheat flour, white, all-purpose, enriched, unbleached"
40.0,1 teaspoon cornstarch,"""20027""",cornstarch
41.0,5 large egg yolks,"""01125""","egg, yolk, raw, fresh"
42.0,1 tablespoon fresh lemon juice,"""09152""","lemon juice, raw"
43.0,1 tablespoon unsalted butter room temperature,"""01145""","butter, without salt"
44.0,1/2 teaspoon vanilla extract,"""02050""",vanilla extract
45.0,1/2 cup mascarpone cheese,"""01017""","cheese, cream"
46.0,3 navel oranges peel and white pith removed,"""09203""","oranges, raw, florida"
47.0,6 teaspoons powdered sugar,"""19336""","sugars, powdered"
48.0,2 tablespoons cornstarch,"""20027""",cornstarch
49.0,1/2 cup light brown sugar,"""19334""","sugars, brown"
50.0,1 pinch salt,"""02047""","salt, table"
51.0,1 cup milk,"""01077""","milk, whole, 3.25% milkfat, with added vitamin d"
52.0,1 cup half-and-half,"""01049""","cream, fluid, half and half"
53.0,2 teaspoons vanilla extract,"""02050""",vanilla extract
54.0,1 tablespoon butter,"""01001""","butter, salted"
55.0,1/2 teaspoon ground cinnamon,"""02010""","spices, cinnamon, ground"
56.0,1 dash cayenne pepper,"""02031""","spices, pepper, red or cayenne"
57.0,4 tablespoons olive oil,"""04053""","oil, olive, salad or cooking"
58.0,1 onion peeled and diced,"""11282""","onions, raw"
59.0,1 each red and Yellow bell pepper seeded and diced,"""11951""","peppers, sweet, yellow, raw"
60.0,1 small eggplant; peeled seeded and diced,"""11209""","eggplant, raw"
61.0,1 zucchini peeled seeded and diced,"""11477""","squash, summer, zucchini, includes skin, raw"
62.0,1 yellow squash peeled seeded and diced,"""11485""","squash, winter, butternut, raw"
63.0,2 tablespoons diced shallot,"""11677""","shallots, raw"
64.0,2 tablespoons diced garlic,"""11215""","garlic, raw"
65.0,1 tablespoon fresh thyme leaves,"""02049""","thyme, fresh"
66.0,Salt and pepper to taste,"""02047""","salt, table"
67.0,1 cup diced plum tomatoes seeded,"""11529""","tomatoes, red, ripe, raw, year round average"
68.0,1 cup mixed country olives remove the pits,"""09194""","olives, ripe, canned (jumbo-super colossal)"
69.0,1/ 4 cup capers,"""02054""","capers, canned"
70.0,2 filets of anchovy rinsed and patted dry,"""15001""","fish, anchovy, european, raw"
71.0,2 cloves of garlic peeled,"""11215""","garlic, raw"
72.0,1/3 cup olive oil,"""11477""","squash, summer, zucchini, includes skin, raw"
73.0,1 cup olive oil,"""11477""","squash, summer, zucchini, includes skin, raw"
74.0,1 medium red onion peeled and finely diced,"""11282""","onions, raw"
75.0,Kosher salt and freshly ground pepper to taste,"""02047""","salt, table"
76.0,4 cloves garlic peeled and chopped,"""11215""","garlic, raw"
77.0,Small pinch of oregano thyme and bay leaf,"""02027""","spices, oregano, dried"
78.0,16-ounce can italian plum tomatoes seeds removed,"""11529""","tomatoes, red, ripe, raw, year round average"
79.0,4 seven-ounces center cut swordfish steaks,"""15110""","fish, swordfish, raw"
80.0,Herb oil (a blend of a few fresh sprigs thyme rosemary and parsley with 2 cloves of minced garlic Chile pepper and 1/2 cup olive oil),"""04053""","oil, olive, salad or cooking"
81.0,Salt and pepper,"""02047""","salt, table"
0.0,3 cups mochiko* (sweet rice flour; 1 lb),"""20061""","rice flour, white, unenriched"
1.0,2 1/2 cups sugar,"""19335""","sugars, granulated"
2.0,2 teaspoons baking powder,"""18371""","leavening agents, baking powder, low-sodium"
3.0,1/4 teaspoon salt,"""02047""","salt, table"
4.0,2 (14-oz) cans unsweetened coconut milk (not low-fat),"""12117""","nuts, coconut milk, raw (liquid expressed from grated meat and water)"
5.0,5 large eggs,"""01123""","egg, whole, raw, fresh"
6.0,1/2 stick (1/4 cup) unsalted butter melted and cooled,"""01145""","butter, without salt"
7.0,1 teaspoon vanilla,"""02050""",vanilla extract
8.0,2 branches fresh thyme,"""02049""","thyme, fresh"
9.0,2 sprigs fresh rosemary,"""02063""","rosemary, fresh"
10.0,1/4 cup olive oil,"""04053""","oil, olive, salad or cooking"
11.0,4 cloves garlic coarsely chopped,"""11215""","garlic, raw"
12.0,2 large red onions diced,"""11282""","onions, raw"
13.0,Salt and freshly ground pepper,"""02030""","spices, pepper, black"
14.0,2 tablespoons butter,"""01001""","butter, salted"
15.0,1 pound orzo cooked al dente,"""20420""","pasta, dry, unenriched"
16.0,3 fresh plum tomatoes quartered,"""11529""","tomatoes, red, ripe, raw, year round average"
17.0,1 1/2 cups Nicoise olives pitted,"""09194""","olives, ripe, canned (jumbo-super colossal)"
18.0,4 cloves garlic peeled,"""11215""","garlic, raw"
19.0,3 anchovy fillets,"""15001""","fish, anchovy, european, raw"
20.0,1 tablespoon fresh lemon juice,"""09152""","lemon juice, raw"
21.0,2 tablespoons pine nuts,"""12147""","nuts, pine nuts, dried"
22.0,1/4 cup olive oil,"""04053""","oil, olive, salad or cooking"
23.0,Salt and pepper,"""02047""","salt, table"
24.0,4 salmon fillets 6 ounces each,"""15238""","fish, salmon, coho, farmed, raw"
25.0,Salt and pepper,"""02047""","salt, table"
26.0,Black Olive Tapenade recipe above,"""09194""","olives, ripe, canned (jumbo-super colossal)"
27.0,1/4 cup pure olive oil,"""04053""","oil, olive, salad or cooking"
28.0,Chopped fresh parsley,"""11297""","parsley, fresh"
29.0,1 1/2 cups flour,"""20581""","wheat flour, white, all-purpose, enriched, unbleached"
30.0,3 tablespoons sugar,"""19335""","sugars, granulated"
31.0,1/4 teaspoon salt,"""02047""","salt, table"
32.0,1 stick (1/2 cup) butter,"""01001""","butter, salted"
33.0,1 large egg,"""01123""","egg, whole, raw, fresh"
34.0,2 to 3 tablespoons ice water if necessary,"""14411""","beverages, water, tap, drinking"
35.0,1/2 cup water,"""14411""","beverages, water, tap, drinking"
36.0,1/2 cup sugar,"""19335""","sugars, granulated"
37.0,1/4 teaspoon salt,"""02047""","salt, table"
38.0,1/2 cup lemon juice,"""09152""","lemon juice, raw"
39.0,2 tablespoons grated lemon zest,"""09156""","lemon peel, raw"
40.0,1/4 cup cornstarch,"""20027""",cornstarch
41.0,6 egg yolks,"""01125""","egg, yolk, raw, fresh"
42.0,1 tablespoon butter,"""01001""","butter, salted"
43.0,2/3 cup egg whites at room temperature,"""01124""","egg, white, raw, fresh"
44.0,2/3 cup superfine sugar,"""19335""","sugars, granulated"
45.0,1/4 cup confectioners sugar in a sifter,"""19335""","sugars, granulated"
46.0,1 cup heavy cream,"""01053""","cream, fluid, heavy whipping"
47.0,1/2 cup apple juice,"""09016""","apple juice, canned or bottled, unsweetened, without added ascorbic acid"
48.0,4 cloves,"""02011""","spices, cloves, ground"
49.0,2 cinnamon sticks,"""02010""","spices, cinnamon, ground"
50.0,2 star anise,"""02002""","spices, anise seed"
51.0,One 1-inch piece fresh ginger peeled and chopped,"""11216""","ginger root, raw"
52.0,1/8 teaspoon ground nutmeg,"""02025""","spices, nutmeg, ground"
53.0,1 1/2 cups granulated sugar,"""19335""","sugars, granulated"
54.0,1 tablespoon apple cider vinegar,"""02048""","vinegar, cider"
55.0,1 tablespoon apple schnapps,"""14010""","alcoholic beverage, daiquiri, prepared-from-recipe"
56.0,1 1/2 cups all-purpose flour,"""20581""","wheat flour, white, all-purpose, enriched, unbleached"
57.0,2 tablespoons dark brown sugar,"""19334""","sugars, brown"
58.0,1 tablespoon granulated sugar,"""19335""","sugars, granulated"
59.0,1 1/2 teaspoons baking powder,"""18371""","leavening agents, baking powder, low-sodium"
60.0,1 1/2 teaspoons baking soda,"""18372""","leavening agents, baking soda"
61.0,1 teaspoon ground cinnamon,"""02010""","spices, cinnamon, ground"
62.0,1/4 teaspoon freshly grated nutmeg,"""02025""","spices, nutmeg, ground"
63.0,1/8 teaspoon ground cloves,"""02011""","spices, cloves, ground"
64.0,1/8 teaspoon ground ginger,"""02021""","spices, ginger, ground"
65.0,2 large eggs,"""01123""","egg, whole, raw, fresh"
66.0,1 1/2 cups buttermilk,"""01230""","milk, buttermilk, fluid, whole"
67.0,3/4 cup ricotta drained for 1 hour in a strainer set over a bowl,"""01036""","cheese, ricotta, whole milk"
68.0,1/2 cup pumpkin puree,"""11424""","pumpkin, canned, without salt"
69.0,2 tablespoons butter melted and cooled plus melted butter or nonstick spray for the griddle,"""01001""","butter, salted"
70.0,3/4 cup creme fraiche for serving,"""01056""","cream, sour, cultured"
71.0,1/4 cup mayonnaise,"""42138""","mayonnaise, reduced-calorie or diet, cholesterol-free"
72.0,1 small stalk celery peeled and minced,"""11143""","celery, raw"
73.0,1 tablespoon freshly squeezed lemon juice,"""09152""","lemon juice, raw"
74.0,1 tablespoon minced fresh chives,"""11156""","chives, raw"
75.0,2 teaspoons Dijon mustard,"""02046""","mustard, prepared, yellow"
76.0,2 teaspoons minced flat-leaf parsley,"""11297""","parsley, fresh"
77.0,1/2 teaspoon kosher salt,"""02047""","salt, table"
78.0,Freshly ground black pepper,"""02030""","spices, pepper, black"
79.0,1 rounded tablespoon minced fresh basil leaves or 2 teaspoons minced dill (optional),"""02044""","basil, fresh"
80.0,2 cups diced cooked lobster meat (about 14 ounces),"""15147""","crustaceans, lobster, northern, raw"
81.0,2 teaspoons unsalted butter room temperature,"""01145""","butter, without salt"
82.0,4 hot dog rolls New England-style preferred,"""28288""","bread, roll, mexican, bollilo"
0.0,1/4 cup light cream cheese,"""01017""","cheese, cream"
1.0,1/4 cup nonfat plain Greek yogurt,"""01256""","yogurt, greek, plain, nonfat (includes foods for usda's food distribution program)"
2.0,2 to 3 tablespoons confectioners sugar,"""19336""","sugars, powdered"
3.0,1/2 teaspoon vanilla extract,"""02050""",vanilla extract
4.0,1/2 cup unsweetened cocoa powder,"""19165""","cocoa, dry powder, unsweetened"
5.0,1/4 cup virgin coconut oil plus more for greasing tray,"""04708""","mayonnaise, reduced fat, with olive oil"
6.0,1/4 cup confectioners sugar,"""19336""","sugars, powdered"
7.0,Kosher salt,"""02047""","salt, table"
8.0,12 ounces mezzi rigatoni (or other short pasta),"""20120""","pasta, dry, enriched"
9.0,1 tablespoon extra-virgin olive oil,"""04053""","oil, olive, salad or cooking"
10.0,1 pound large shrimp peeled and deveined,"""15270""","crustaceans, shrimp, raw"
11.0,1/2 teaspoon red pepper flakes,"""02031""","spices, pepper, red or cayenne"
12.0,1 medium shallot or 1/2 small red onion minced,"""11677""","shallots, raw"
13.0,1/4 cup white wine or low-sodium chicken broth,"""06970""","soup, chicken broth, low sodium, canned"
14.0,1 15-ounce can no-salt-added diced tomatoes,"""11529""","tomatoes, red, ripe, raw, year round average"
15.0,1/2 cup torn fresh basil,"""02044""","basil, fresh"
16.0,2 tablespoons heavy cream,"""01053""","cream, fluid, heavy whipping"
17.0,8 slices thick-cut bacon chopped,"""10123""","pork, cured, bacon, unprepared"
18.0,14 ounces chopped onions approximately 3 cups,"""11282""","onions, raw"
19.0,6 cups chicken broth,"""06970""","soup, chicken broth, low sodium, canned"
20.0,22 ounces shelled boiled Virginia or Valencia peanuts recipe follows,"""16087""","peanuts, all types, raw"
21.0,1 tablespoon chopped fresh thyme leaves,"""02049""","thyme, fresh"
22.0,3 cups 2 percent milk,"""01077""","milk, whole, 3.25% milkfat, with added vitamin d"
23.0,4 teaspoons rice wine vinegar,"""02068""","vinegar, red wine"
24.0,1 1/2 teaspoons kosher salt,"""02047""","salt, table"
25.0,1/4 teaspoon ground white pepper,"""02032""","spices, pepper, white"
26.0,2 pounds in-shell raw Virginia or Valencia peanuts,"""16087""","peanuts, all types, raw"
27.0,3 ounces kosher salt,"""02047""","salt, table"
28.0,3 gallons water,"""14411""","beverages, water, tap, drinking"
29.0,3 cups all-purpose flour,"""20581""","wheat flour, white, all-purpose, enriched, unbleached"
30.0,1/4 teaspoon salt,"""02047""","salt, table"
31.0,1 stick (1/2 cup) cold unsalted butter,"""01145""","butter, without salt"
32.0,2/3 cup cold vegetable shortening,"""04615""","shortening, vegetable, household, composite"
33.0,1/3 cup boiling water,"""14411""","beverages, water, tap, drinking"
34.0,2 lb meatloaf mix (beef pork and veal),"""43137""",vegetarian meatloaf or patties
35.0,1 cup cooked oatmeal,"""18039""","bread, oatmeal"
36.0,1 cup finely chopped onion,"""11282""","onions, raw"
37.0,1/3 cup finely chopped fresh parsley,"""11297""","parsley, fresh"
38.0,1/4 cup soy sauce,"""16124""",soy sauce made from soy (tamari)
39.0,2 large eggs,"""01123""","egg, whole, raw, fresh"
40.0,2 teaspoons finely chopped garlic,"""11215""","garlic, raw"
41.0,1/2 teaspoon dried thyme,"""02042""","spices, thyme, dried"
42.0,1/2 teaspoon black pepper,"""02030""","spices, pepper, black"
43.0,1/2 cup chili sauce (ketchup-based),"""06961""","sauce, peppers, hot, chili, mature red, canned"
0.0,1 cup Floridas Natural® Premium Orange Juice,"""42270""","beverages, orange juice drink"
1.0,1 tbsp. soy sauce,"""16124""",soy sauce made from soy (tamari)
2.0,2 tbsp. cornstarch,"""20027""",cornstarch
3.0,1 tsp. chopped ginger,"""11216""","ginger root, raw"
4.0,1 tsp. garlic paste,"""11215""","garlic, raw"
5.0,2 tbsp. canola oil,"""04582""","oil, canola"
6.0,1/4 onion thinly sliced,"""11282""","onions, raw"
7.0,1/2 cup sliced carrots,"""11124""","carrots, raw"
8.0,2 stalks celery chopped,"""11143""","celery, raw"
9.0,1/2 cup chopped broccoli,"""11090""","broccoli, raw"
10.0,1/4 cup snow peas,"""11300""","peas, edible-podded, raw"
11.0,1/2 cup sliced yellow squash,"""11485""","squash, winter, butternut, raw"
12.0,1 cup fresh mushrooms rinsed and sliced,"""11260""","mushrooms, white, raw"
13.0,1 red pepper thinly sliced,"""11821""","peppers, sweet, red, raw"
14.0,1/4 cup baby corn,"""11167""","corn, sweet, yellow, raw"
15.0,4-oz. can sliced water chestnuts drained,"""11590""","waterchestnuts, chinese, canned, solids and liquids"
16.0,2 tbsp. orange zest,"""09216""","orange peel, raw"
17.0,Orange slices,"""09205""","oranges, raw, with peel"
18.0,4 cups sweet curly Romaine leaves washed dried and torn into large pieces,"""11251""","lettuce, cos or romaine, raw"
19.0,1/2 cup Smoky Caesar Dressing (recipe below),"""04135""","salad dressing, home recipe, vinegar and oil"
20.0,Spicy croutons (recipe below),"""18243""","croutons, seasoned"
21.0,1/4 cup Queso Anejo cheese,"""01017""","cheese, cream"
22.0,8 anchovy fillets,"""15001""","fish, anchovy, european, raw"
23.0,8 slices French or Italian bread cut into 3/4 inch cubes,"""18349""","rolls, french"
24.0,1/4 cup olive oil,"""04053""","oil, olive, salad or cooking"
25.0,2 teaspoons Too Hot Tamales chile powder (refer to recipe),"""02009""","spices, chili powder"
26.0,Salt and freshly ground black pepper to taste,"""02030""","spices, pepper, black"
27.0,1 tablespoon mayonnaise,"""42138""","mayonnaise, reduced-calorie or diet, cholesterol-free"
28.0,1 teaspoon Dijon mustard,"""02046""","mustard, prepared, yellow"
29.0,1 teaspoon freshly ground black pepper,"""02030""","spices, pepper, black"
30.0,1 to 2 canned Chipotles,"""11820""","peppers, hot chili, red, canned, excluding seeds, solids and liquids"
31.0,1 tablespoon Worcestershire sauce,"""06971""","sauce, worcestershire"
32.0,Few drops hot sauce,"""06168""","sauce, ready-to-serve, pepper or hot"
33.0,Juice of one lemon,"""09152""","lemon juice, raw"
34.0,1 teaspoon capers,"""02054""","capers, canned"
35.0,10 anchovy fillets,"""15001""","fish, anchovy, european, raw"
36.0,8 garlic cloves cooked slowly in olive oil until soft,"""11215""","garlic, raw"
37.0,11/2 cups olive oil,"""44005""","oil, corn, peanut, and olive"
38.0,1 tablespoon red wine vinegar,"""02068""","vinegar, red wine"
39.0,2 cups instant flour,"""20581""","wheat flour, white, all-purpose, enriched, unbleached"
40.0,1 cup milk,"""01077""","milk, whole, 3.25% milkfat, with added vitamin d"
41.0,2 egg yolks,"""01125""","egg, yolk, raw, fresh"
42.0,Salt,"""02047""","salt, table"
43.0,2 cups diced stale white bread,"""18033""","bread, italian"
44.0,4 tablespoons butter,"""01001""","butter, salted"
45.0,1/3 cup melted room temperature goose fat,"""04576""","fat, goose"
46.0,2 egg whites,"""01124""","egg, white, raw, fresh"
47.0,7 ounce can salmon drained,"""15238""","fish, salmon, coho, farmed, raw"
48.0,1 cup thawed frozen corn kernels,"""11774""","corn, sweet, yellow, frozen, kernels, cut off cob, boiled, drained, with salt"
49.0,14 1/2 ounce can Italian style stewed tomatoes,"""11533""","tomatoes, red, ripe, canned, stewed"
50.0,8 ounce bottle clam juice,"""14187""","beverages, clam and tomato juice, canned"
51.0,1/4 cup long grain rice,"""20041""","rice, brown, medium-grain, cooked (includes foods for usda's food distribution program)"
52.0,Salt and pepper,"""02047""","salt, table"
53.0,Green onion thinly sliced,"""11291""","onions, spring or scallions (includes tops and bulb), raw"
0.0,1 cup all-purpose flour,"""20581""","wheat flour, white, all-purpose, enriched, unbleached"
1.0,1 tablespoon plus 1 teaspoon packed dark brown sugar,"""19334""","sugars, brown"
2.0,1 tablespoon plus 1 teaspoon granulated sugar,"""19335""","sugars, granulated"
3.0,3/4 teaspoon cinnamon,"""02010""","spices, cinnamon, ground"
4.0,1/2 stick cold unsalted butter cut into 1/2-inch pieces,"""01145""","butter, without salt"
5.0,1 cup all-purpose flour,"""20581""","wheat flour, white, all-purpose, enriched, unbleached"
6.0,1 teaspoon baking powder,"""18371""","leavening agents, baking powder, low-sodium"
7.0,1/4 teaspoon baking soda,"""18372""","leavening agents, baking soda"
8.0,1/2 teaspoon salt,"""02047""","salt, table"
9.0,1/2 cup sour cream,"""01056""","cream, sour, cultured"
10.0,3/4 teaspoon pure vanilla extract,"""02050""",vanilla extract
11.0,1/2 stick unsalted butter softened,"""01145""","butter, without salt"
12.0,3/4 cup granulated sugar,"""19335""","sugars, granulated"
13.0,1 large egg,"""01123""","egg, whole, raw, fresh"
14.0,1/2 pound blueberries (3 1/4 cups),"""09050""","blueberries, raw"
15.0,Accompaniment: sweetened whipped cream,"""01054""","cream, whipped, cream topping, pressurized"
16.0,1 (3 1/2-pound) chicken,"""05011""","chicken, broilers or fryers, meat only, raw"
17.0,2 1/4 teaspoons fine sea salt,"""02047""","salt, table"
18.0,1/4 teaspoon black pepper,"""02030""","spices, pepper, black"
19.0,1 tablespoon unsalted butter softened,"""01145""","butter, without salt"
20.0,3 (1/4-inch-thick) lemon slices,"""09150""","lemons, raw, without peel"
21.0,Special equipment: an instant-read thermometer,"""23263""","beef, ribeye  petite roast/filet, boneless, separable lean only, trimmed to 0"" fat, all grades, raw"
22.0,6 cups (packed) arugula,"""11959""","arugula, raw"
23.0,6 cups (packed) coarsely torn curly endive,"""11213""","endive, raw"
24.0,3 tablespoons extra-virgin olive oil divided,"""04053""","oil, olive, salad or cooking"
25.0,1 1/2 medium Granny Smith apples peeled cored cut into 1/2-inch dice,"""09502""","apples, raw, granny smith, with skin (includes foods for usda's food distribution program)"
26.0,3/4 cup thinly sliced shallots,"""11677""","shallots, raw"
27.0,1 1/2 cups steamed chestnuts (from two 7.25-ounce jars) coarsely chopped,"""12095""","nuts, chestnuts, chinese, boiled and steamed"
28.0,3 tablespoons red wine vinegar,"""02068""","vinegar, red wine"
29.0,41/2 tablespoons walnut oil,"""44005""","oil, corn, peanut, and olive"
30.0,2 tablespoons light mayonnaise,"""42138""","mayonnaise, reduced-calorie or diet, cholesterol-free"
31.0,2 teaspoons whole-grain mustard,"""02024""","spices, mustard seed, ground"
32.0,1 teaspoon lemon juice,"""09152""","lemon juice, raw"
33.0,Pinch cayenne pepper,"""02031""","spices, pepper, red or cayenne"
34.0,1/4 cup white vinegar,"""02053""","vinegar, distilled"
35.0,1 tablespoon olive oil,"""44005""","oil, corn, peanut, and olive"
36.0,2 ounces Canadian bacon cut into small chunks,"""10123""","pork, cured, bacon, unprepared"
37.0,1 shallot thinly sliced,"""11677""","shallots, raw"
38.0,8 cups petite kale or baby spinach,"""11457""","spinach, raw"
39.0,Freshly ground black pepper,"""02030""","spices, pepper, black"
40.0,2 whole wheat English muffins split,"""18437""","english muffins, plain, enriched, without calcium propionate(includes sourdough)"
41.0,1 large ripe tomato cut into 4 slices,"""11529""","tomatoes, red, ripe, raw, year round average"
42.0,4 large eggs,"""01123""","egg, whole, raw, fresh"
43.0,2 cups berries (such as raspberry blueberry or blackberry),"""09042""","blackberries, raw"
44.0,Four 6-ounce glasses reduced-fat milk,"""01077""","milk, whole, 3.25% milkfat, with added vitamin d"
45.0,1 large head garlic,"""11215""","garlic, raw"
46.0,1 1/2 pounds small red potatoes (each about 1 1/2 inches in diameter),"""11355""","potatoes, red, flesh and skin, raw"
47.0,1/4 cup water,"""14411""","beverages, water, tap, drinking"
48.0,3 tablespoons balsamic vinegar,"""02069""","vinegar, balsamic"
49.0,2 teaspoons extra-virgin olive oil,"""44005""","oil, corn, peanut, and olive"
50.0,1 teaspoon Dijon mustard,"""02046""","mustard, prepared, yellow"
51.0,3/4 pound haricots verts (thin French green beans) or regular green beans,"""11052""","beans, snap, green, raw"
52.0,1 red bell pepper,"""11821""","peppers, sweet, red, raw"
53.0,1/2 English cucumber,"""11205""","cucumber, with peel, raw"
54.0,10 Kalamata or other brine-cured black olives,"""09193""","olives, ripe, canned (small-extra large)"
55.0,two 6-ounce cans solid white tuna in water,"""15119""","fish, tuna, light, canned in oil, drained solids"
56.0,1/3 cup crumbled feta (about 2 ounces),"""01019""","cheese, feta"
0.0,1 tablespoon vegetable oil,"""04513""","vegetable oil, palm kernel"
1.0,4 tablespoons minced onions,"""11282""","onions, raw"
2.0,4 tablespoons sweet butter,"""01001""","butter, salted"
3.0,4 tablespoons flour,"""20581""","wheat flour, white, all-purpose, enriched, unbleached"
4.0,10 ounces milk,"""01077""","milk, whole, 3.25% milkfat, with added vitamin d"
5.0,3 ounces white wine,"""14106""","alcoholic beverage, wine, table, white"
6.0,1/2 teaspoon Hungarian paprika,"""02028""","spices, paprika"
7.0,6 ounces sharp white cheddar,"""01270""","cheese, cheddar, sharp, sliced"
8.0,3 ounces gruyere cheese,"""01023""","cheese, gruyere"
9.0,Fresh ground nutmeg to taste,"""02025""","spices, nutmeg, ground"
10.0,Salt and fresh ground white pepper to taste,"""02047""","salt, table"
11.0,3/4 pound cooked macaroni,"""20420""","pasta, dry, unenriched"
12.0,4 bone-in chicken breast halves,"""05062""","chicken, broiler or fryers, breast, skinless, boneless, meat only, raw"
13.0,1 can (10 ounces) frozen margarita mix (recommended: Bacardi) thawed,"""12117""","nuts, coconut milk, raw (liquid expressed from grated meat and water)"
14.0,2/3 cup tequila,"""14037""","alcoholic beverage, distilled, all (gin, rum, vodka, whiskey) 80 proof"
15.0,1/2 cup fresh cilantro leaves chopped,"""11165""","coriander (cilantro) leaves, raw"
16.0,2 tablespoons chicken seasoning (recommended: McCormicks Grill Mates),"""02034""","spices, poultry seasoning"
17.0,3/4 cup granulated sugar,"""19335""","sugars, granulated"
18.0,1/3 cup unsweetened cocoa powder,"""19165""","cocoa, dry powder, unsweetened"
19.0,3 tablespoons cornstarch,"""20027""",cornstarch
20.0,1/4 teaspoon salt,"""02047""","salt, table"
21.0,2 cups light cream,"""01056""","cream, sour, cultured"
22.0,3 ounces chopped bittersweet or semi-sweet chocolate,"""19080""","candies, semisweet chocolate"
23.0,1 1/2 teaspoons vanilla extract,"""02050""",vanilla extract
24.0,1 head garlic top sliced off,"""11215""","garlic, raw"
25.0,2 tablespoons olive oil,"""44005""","oil, corn, peanut, and olive"
26.0,6 to 8 large Yukon gold potatoes peeled and quartered,"""11362""","potatoes, raw, skin"
27.0,1 tablespoon salt,"""02047""","salt, table"
28.0,1 cup milk warm,"""01077""","milk, whole, 3.25% milkfat, with added vitamin d"
29.0,1/2 stick butter softened,"""01001""","butter, salted"
30.0,Salt and black pepper to taste,"""02047""","salt, table"
31.0,Kosher salt,"""02047""","salt, table"
32.0,1 1/2 lemons,"""09152""","lemon juice, raw"
33.0,1 head garlic split horizontally,"""11215""","garlic, raw"
34.0,1 thyme bundle,"""02049""","thyme, fresh"
35.0,2 dried bay leaves,"""02004""","spices, bay leaf"
36.0,2 (1 1/2-pound) lobsters,"""15147""","crustaceans, lobster, northern, raw"
37.0,1/2 to 3/4 cup mayonnaise,"""42138""","mayonnaise, reduced-calorie or diet, cholesterol-free"
38.0,1 celery rib cut into 1/4 inch dice,"""11143""","celery, raw"
39.0,1/2 bunch of chives finely chopped,"""11156""","chives, raw"
40.0,Juice of 1/2 lemon,"""09152""","lemon juice, raw"
41.0,Celery salt,"""02047""","salt, table"
42.0,4 tablespoons (1/2 stick) of unsalted butter,"""01145""","butter, without salt"
43.0,1 clove garlic smashed,"""11215""","garlic, raw"
44.0,4 top split hot dog rolls,"""28288""","bread, roll, mexican, bollilo"
0.0,12 ounces potatoes peeled quartered,"""11352""","potatoes, flesh and skin, raw"
1.0,2 large eggs,"""01123""","egg, whole, raw, fresh"
2.0,1 3/4 teaspoons salt,"""02047""","salt, table"
3.0,1 6-ounce can tuna packed in oil drained 2 tablespoons oil reserved,"""15124""","fish, tuna, white, canned in oil, drained solids"
4.0,3/4 cup chopped green onions,"""11291""","onions, spring or scallions (includes tops and bulb), raw"
5.0,1 tablespoon drained capers,"""02054""","capers, canned"
6.0,18 sheets frozen phyllo pastry thawed,"""18338""",phyllo dough
7.0,1/4 cup chopped fresh Italian parsley,"""11297""","parsley, fresh"
8.0,1/4 cup vegetable oil plus additional vegetable oil (for frying),"""04513""","vegetable oil, palm kernel"
9.0,EVOO for brushing,"""44005""","oil, corn, peanut, and olive"
10.0,12 eggs,"""01123""","egg, whole, raw, fresh"
11.0,4 ounces thinly sliced deli chicken turkey ham or roast beef finely chopped,"""07028""","ham, sliced, pre-packaged, deli meat (96%fat free, water added)"
12.0,4 ounces shiitake mushrooms stemmed and thinly sliced,"""11238""","mushrooms, shiitake, raw"
13.0,1 cup fresh bean sprouts,"""11043""","mung beans, mature seeds, sprouted, raw"
14.0,1 cup shredded baby bok choy,"""11116""","cabbage, chinese (pak-choi), raw"
15.0,1/2 cup shredded carrots,"""11124""","carrots, raw"
16.0,1 bunch scallions thinly sliced on an angle,"""11291""","onions, spring or scallions (includes tops and bulb), raw"
17.0,1/4 red bell pepper very thinly sliced,"""11821""","peppers, sweet, red, raw"
18.0,One 1-inch piece fresh ginger peeled and grated plus 2 thin slices,"""11216""","ginger root, raw"
19.0,1 large clove garlic grated or made into a paste,"""11215""","garlic, raw"
20.0,Salt and freshly ground pepper,"""02030""","spices, pepper, black"
21.0,1 tablespoon cornstarch,"""20027""",cornstarch
22.0,1 cup chicken stock,"""06172""","soup, stock, chicken, home-prepared"
23.0,1/4 cup tamari (aged soy sauce),"""16124""",soy sauce made from soy (tamari)
24.0,1 teaspoon hot sauce,"""06168""","sauce, ready-to-serve, pepper or hot"
25.0,12 jumbo head-on shrimp or prawns (16-18 count),"""15270""","crustaceans, shrimp, raw"
26.0,2 tablespoons EVOO plus more for liberal drizzling,"""44005""","oil, corn, peanut, and olive"
27.0,1 fresh bay leaf,"""02004""","spices, bay leaf"
28.0,Chicken stock to cover,"""06172""","soup, stock, chicken, home-prepared"
29.0,Sea salt and black pepper,"""02047""","salt, table"
30.0,Zest and juice of 1 lemon,"""09152""","lemon juice, raw"
31.0,1 teaspoon chile flakes,"""02031""","spices, pepper, red or cayenne"
32.0,2 to 3 cloves garlic grated or minced,"""11215""","garlic, raw"
33.0,12 large fresh sage leaves,"""02038""","spices, sage, ground"
34.0,12 slices thinly sliced prosciutto,"""10860""","pork, cured, bacon, cooked, baked"
35.0,1/4 cup dry vermouth,"""14037""","alcoholic beverage, distilled, all (gin, rum, vodka, whiskey) 80 proof"
36.0,2 tablespoons butter,"""01001""","butter, salted"
37.0,A hunk of crusty bread for serving,"""18044""","bread, pumpernickel"
38.0,1 bulb fennel thinly sliced,"""11957""","fennel, bulb, raw"
39.0,2 cups arugula,"""11959""","arugula, raw"
40.0,Juice of 1 lemon,"""09152""","lemon juice, raw"
41.0,Sea salt and black pepper,"""02047""","salt, table"
42.0,Olive Oil to coat,"""44005""","oil, corn, peanut, and olive"
43.0,4 ounces Parmesan shaved,"""01033""","cheese, parmesan, hard"
44.0,1 cup unsalted butter at room temperature,"""01145""","butter, without salt"
45.0,1 cup granulated sugar,"""19335""","sugars, granulated"
46.0,2 tablespoons finely grated orange zest,"""09216""","orange peel, raw"
47.0,3 large eggs 2 of them separated all at room temperature,"""01123""","egg, whole, raw, fresh"
48.0,"1 cup pumpkin puree homemade or pure canned solid-pack pumpkin (not """"pumpkin pie filling"""")","""11424""","pumpkin, canned, without salt"
49.0,1 1/2 cups all-purpose flour,"""20581""","wheat flour, white, all-purpose, enriched, unbleached"
50.0,1/2 cup cake flour (not self-rising),"""20084""","wheat flour, white, cake, enriched"
51.0,2 teaspoons baking powder,"""18371""","leavening agents, baking powder, low-sodium"
52.0,1/4 teaspoon salt,"""02047""","salt, table"
53.0,Juice of 1 large juice orange such as Seville,"""42270""","beverages, orange juice drink"
54.0,1/2 cup granulated sugar,"""19335""","sugars, granulated"
55.0,Additional unsalted butter at room temperature for greasing the pan,"""01145""","butter, without salt"
56.0,Thick vanilla yogurt or vanilla ice cream to serve,"""19095""","ice creams, vanilla"
57.0,Nonstick cooking spray for spraying muffin cups,"""04679""","oil, pam cooking spray, original"
58.0,1 teaspoon olive oil,"""44005""","oil, corn, peanut, and olive"
59.0,1 cup chopped broccoli,"""11090""","broccoli, raw"
60.0,Kosher salt,"""02047""","salt, table"
61.0,Freshly cracked black pepper,"""02030""","spices, pepper, black"
62.0,1 teaspoon thinly sliced shallots,"""11677""","shallots, raw"
63.0,2/3 cup heavy cream,"""01053""","cream, fluid, heavy whipping"
64.0,3 eggs,"""01123""","egg, whole, raw, fresh"
65.0,1 egg yolk,"""01125""","egg, yolk, raw, fresh"
66.0,1/2 teaspoon chopped fresh marjoram,"""02023""","spices, marjoram, dried"
67.0,Pinch ground nutmeg,"""02025""","spices, nutmeg, ground"
68.0,1/2 cup crumbled goat cheese,"""01159""","cheese, goat, soft type"
69.0,1/2 cup grated Swiss cheese,"""01040""","cheese, swiss"
0.0,Two 1-pound salmon fillets,"""15238""","fish, salmon, coho, farmed, raw"
1.0,1 tablespoon soy sauce,"""16124""",soy sauce made from soy (tamari)
2.0,1/4 teaspoon salt,"""02047""","salt, table"
3.0,1/8 teaspoon ground white pepper,"""02032""","spices, pepper, white"
4.0,2 scallions cut into 4-inch pieces,"""11291""","onions, spring or scallions (includes tops and bulb), raw"
5.0,4 slices ginger,"""11216""","ginger root, raw"
6.0,1 lemon,"""09150""","lemons, raw, without peel"
7.0,2 teaspoons sesame oil,"""04058""","oil, sesame, salad or cooking"
8.0,1/2 cup dry red wine,"""14096""","alcoholic beverage, wine, table, red"
9.0,1/4 cup good quality port (preferably not too sweet),"""14096""","alcoholic beverage, wine, table, red"
10.0,1/4 cup olive oil,"""44005""","oil, corn, peanut, and olive"
11.0,2 tablespoons balsamic vinegar,"""02069""","vinegar, balsamic"
12.0,2 tablespoons maple syrup,"""19353""","syrups, maple"
13.0,2 tablespoons low-salt soy sauce,"""16424""","soy sauce made from soy and wheat (shoyu), low sodium"
14.0,2 bay leaves,"""02004""","spices, bay leaf"
15.0,1 teaspoon cracked black pepper,"""02030""","spices, pepper, black"
16.0,2 cloves garlic crushed,"""11215""","garlic, raw"
17.0,Several sprigs of fresh thyme or 1/4 teaspoon dried thyme,"""02049""","thyme, fresh"
18.0,1/2 teaspoon juniper berries,"""09316""","strawberries, raw"
19.0,8 quail preferably fresh with breast and backbones removed,"""05159""","quail, breast, meat only, raw"
20.0,2 tablespoons olive oil,"""44005""","oil, corn, peanut, and olive"
21.0,2 pounds poultry bones necks and wing tips (quail chicken duck or any combination of the three),"""05062""","chicken, broiler or fryers, breast, skinless, boneless, meat only, raw"
22.0,2 carrots roughly chopped (about 1/2 cup),"""11124""","carrots, raw"
23.0,1 onion diced (about 1/2 cup),"""11282""","onions, raw"
24.0,3 ribs celery roughly chopped (about 3/4 cup),"""11143""","celery, raw"
25.0,1 bay leaf,"""02004""","spices, bay leaf"
26.0,1/2 teaspoon dried thyme,"""02042""","spices, thyme, dried"
27.0,1 clove garlic crushed with the flat of a knife blade,"""11215""","garlic, raw"
28.0,3 quarts water,"""14411""","beverages, water, tap, drinking"
29.0,1/2 cup veal stock or beef stock,"""06170""","soup, stock, beef, home-prepared"
30.0,1 cup good quality port,"""14096""","alcoholic beverage, wine, table, red"
31.0,2 tablespoons good quality port,"""14096""","alcoholic beverage, wine, table, red"
32.0,2 tablespoons unsalted butter,"""01145""","butter, without salt"
33.0,4 cups dashi,"""14037""","alcoholic beverage, distilled, all (gin, rum, vodka, whiskey) 80 proof"
34.0,1/2 cup sliced shiitake mushrooms,"""11238""","mushrooms, shiitake, raw"
35.0,4 tablespoons red miso,"""16112""",miso
36.0,10 ounces tofu cut into 1/2-inch cubes,"""16162""","mori-nu, tofu, silken, firm"
37.0,Chopped green onions for garnish,"""11291""","onions, spring or scallions (includes tops and bulb), raw"
38.0,3 quarts cold water,"""14411""","beverages, water, tap, drinking"
39.0,3 ounces giant kelp (kombu),"""11445""","seaweed, kelp, raw"
40.0,3 ounces dried bonito flakes,"""02031""","spices, pepper, red or cayenne"
41.0,2 bay leaves,"""02004""","spices, bay leaf"
42.0,1/3 cup sugar,"""19335""","sugars, granulated"
43.0,Pinch of kosher salt,"""02047""","salt, table"
44.0,2 teaspoons fresh lemon juice,"""09152""","lemon juice, raw"
45.0,3/4 cup (1 1/2 sticks) unsalted butter melted slightly cooled plus more for pan,"""01145""","butter, without salt"
46.0,1 1/2 cups coarse-grind semolina flour,"""20581""","wheat flour, white, all-purpose, enriched, unbleached"
47.0,1 cup sugar,"""19335""","sugars, granulated"
48.0,2 teaspoons baking powder,"""18371""","leavening agents, baking powder, low-sodium"
49.0,2 teaspoons finely grated orange zest,"""09216""","orange peel, raw"
50.0,1 teaspoon ground cardamom,"""02006""","spices, cardamom"
51.0,1/2 teaspoon kosher salt,"""02047""","salt, table"
52.0,1 cup plain whole-milk Greek yogurt,"""01287""","yogurt, greek, plain, lowfat"
53.0,3/4 cup whole milk,"""01077""","milk, whole, 3.25% milkfat, with added vitamin d"
54.0,3 oranges,"""09202""","oranges, raw, navels (includes foods for usda's food distribution program)"
55.0,Lemon juice (optional),"""09152""","lemon juice, raw"
56.0,3 tablespoons butter or margarine,"""01001""","butter, salted"
57.0,1 package (10 oz. about 40) marshmallows,"""19116""","candies, marshmallows"
58.0,- OR -,"""14037""","alcoholic beverage, distilled, all (gin, rum, vodka, whiskey) 80 proof"
59.0,4 cups miniature marshmallows,"""19116""","candies, marshmallows"
60.0,6 cups KELLOGGS® COCOA KRISPIES® cereal,"""08177""","cereals, malt-o-meal, chocolate, dry"
61.0,Creamy peanut butter,"""16399""","peanut butter with omega-3, creamy"
62.0,KELLOGGS® COCOA KRISPIES® cereal,"""08177""","cereals, malt-o-meal, chocolate, dry"
63.0,Pretzel twists,"""43109""","pretzels, soft"
64.0,Pretzel sticks,"""43109""","pretzels, soft"
65.0,Canned frosting or decorating gel,"""19230""","frostings, vanilla, creamy, ready-to-eat"
66.0,Assorted candies,"""19919""","candies, fruit snacks, with high vitamin c"
